task_id,client,title,hours,budget,window,months,has_unit,flag
ab598692-9514-4230-951d-5a13e97358ad,Ception,Name - 7h,7,,2019-03 → 2019-06,4,yes,
20c36d32-7480-4d64-8b2e-48fa9e344498,Ception,Logo for helmet & vest - 1h,1,,2021-10 → 2021-11,2,yes,
9a2537ac-9994-4a5b-8963-4dbc269324bc,Studio,Grip- web design - (26.5h) - 2.5,2.5,26.5,2021-05 → 2021-08,4,yes,budget-vs-actual-far
96e31233-3e71-4f07-bf7f-97ebf6974999,Studio,Pangeam - Header - 06.06.21 - 4,4,,2021-05 → 2021-06,2,no,
43844971-dd3f-4818-8bbe-1a4c75d012f0,Studio,Baseline - Countdown Loop Preview -10.06.21 - 10,10,,2021-06 → 2021-06,1,no,
5920215d-220f-4ed7-b33e-22082d27ee61,Studio,Grip - Innovation visual animation - (37h) 7.25,7.25,37,2021-06 → 2021-08,3,yes,budget-vs-actual-far
36d9ce0c-de23-4e33-8652-499294e50585,Studio,Grip - 404 page - (2h)  -2,2,2,2021-06 → 2021-08,3,yes,
fea4ede1-caeb-4312-98a9-965da82b026f,Studio,Volta Solar - Web Scroll Animation - 2.25h,2.25,,2021-06 → 2021-07,2,yes,
898c448c-3669-4d78-9330-c5caba46eb92,Studio,Videos adaption for Dribble - 3.25h,3.25,,2021-08 → 2022-01,6,yes,
7d07a7a2-665e-49f7-a053-e3d43f39231f,Studio,Storemanven - Overview Header Animation - 4.25h,4.25,,2021-09 → 2022-01,5,yes,
03298f7c-8b54-497c-bb38-d15da948249c,Studio,Storemaven - Animated Visuals - Flow 13.25h,13.25,,2022-01 → 2022-03,3,yes,
8aa2404d-728a-4a48-802b-58a928c466eb,Studio,Motion Showreel 2022 - 7,7,,2022-01 → 2022-01,1,no,
6652dfc7-01f2-471b-bf25-6a6e4396ef41,Studio,Storemaven - Visuals Post - Ready - 1.25h,1.25,,2022-01 → 2022-02,2,yes,
add4536d-2b18-46e1-83c9-43c4cd8d4a5b,Studio,Fiverr - Animated collage of Fiverr animations 9.25h,9.25,,2022-01 → 2022-02,2,yes,
3cc50127-e41f-4a12-ba8b-901bc35e8b90,Studio,Fiverr post 4.25h,4.25,,2022-02 → 2022-02,1,yes,
c286a8b5-a817-496b-a8ba-ebd08892e9d6,Studio,PDQ - Social Campaign - 56.25h,56.25,,2022-02 → 2022-05,4,yes,
59842237-f887-4808-b470-25dcef1fb00b,Studio,Stigg - Social Campaign - 20h,20,,2022-02 → 2022-05,4,yes,
1301c95b-a8a5-490e-8a2f-22ee1151a666,Studio,Nextage -  Social Campaign - 13.75h,13.75,,2022-02 → 2022-10,9,yes,
1afeb380-ca40-4415-a60d-840f81873db5,Studio,Fiverr - 3D Ads - animated post - 4h,4,,2022-02 → 2022-02,1,yes,
2ef0fd29-6118-4892-8e6d-3a510faf192c,Studio,"Studio - 7,000 Followers - animation post -8.75",8.75,,2022-02 → 2022-05,4,no,
89e3674b-7bf9-4b78-8676-46cde003c72a,Studio,PDQ - Animated Website Scroll Post - 8.75h,8.75,,2022-02 → 2022-04,3,yes,
db4767c0-549c-46fd-ba17-a434a45ffc2d,Studio,First - 3D animations post (CELO+USDC) - 4.5h,4.5,,2022-02 → 2023-06,17,yes,
3dbc68a9-377a-4d1d-aa08-1083100aaab9,Studio,PDQ -logo post 2.5h,2.5,,2022-03 → 2022-03,1,yes,
948eca28-2f70-4fcd-9a9a-b943ba849627,Studio,Autofleet Driver App Illustration post - 6h,6,,2022-03 → 2022-03,1,yes,
0396b35d-8742-4d01-9452-227eec16f877,Fiverr,High five (2/3) - 2h,2,3,2021-09 → 2021-09,1,yes,budget-multi
1f153e92-b5cf-4aad-91af-387ceede7b6b,Studio,rosh hashna - 15h,15,,2016-09 → 2016-12,4,yes,
3521bf89-914a-4dc5-b4eb-a9b74da50d9d,Studio,studio mural 16.5 hr,16.5,,2016-12 → 2016-12,1,yes,
e7cbbdc6-7db2-4c99-b702-a6bc6e2adbb6,Studio,offf studio - 5 hrs,5,,2017-03 → 2018-01,11,yes,
29674a08-6cfd-46e6-8f56-eea279812bf6,Studio,fun day (facebook)- 5 hrs,5,,2017-06 → 2018-01,8,yes,
50344af9-87f5-4376-bcc4-ade1f83c2a09,Studio,hub presentation -4 hrs,4,,2017-08 → 2018-08,13,yes,
19785512-8faf-48f0-8635-7f04dcd8b2d6,Studio,pdf for macabi - 2hrs,2,,2017-08 → 2018-01,6,yes,
5122b5fe-d8a7-4f49-8469-2c001b4e6946,Studio,purim 2018- 19h,19,,2018-02 → 2018-08,7,yes,
2048cdfb-8079-4e18-b99e-96d7d240ab76,Studio,spring post-12h,12,,2018-03 → 2018-08,6,yes,
8d161945-8266-4505-8187-4162fbabdc4c,Studio,wanted ad join us-  5.5h,5.5,,2018-06 → 2018-08,3,yes,
9bbbcad0-aa91-4936-8719-b2932175d816,Studio,design kids - 3.5h ,3.5,,2018-07 → 2018-08,2,yes,
bbb30273-d23a-41ad-b31b-a0f51a9f8056,Studio,פגישות - siteaware - ituran -8,8,,2018-08 → 2018-08,1,no,
e952947d-43f1-4d09-a086-173533f8eff5,Studio,autumn post- 12h,12,,2018-07 → 2019-11,17,yes,
17e6ba32-916c-4820-a9f0-47543a0cc82d,Studio,winter post- 8h,8,,2018-07 → 2019-11,17,yes,
07c1b60b-d83c-4ff4-906b-0947bcd7c081,Studio,פרוייקטים - ים  - 8,8,,2018-08 → 2026-04,93,no,
6eeff040-5fb3-41fd-92b3-1f1843b42802,Studio,Ui / Ux pdf - 3.5,3.5,,2018-08 → 2026-04,93,no,
2da703d5-74ac-44a5-a9d2-fd50fc246a54,Studio,Studio - Rosh Hashana 2018 Post - 7.5h,7.5,,2018-08 → 2018-09,2,yes,
5e5fcc89-a72f-4ebc-8f66-a3679cfe4715,Studio,Nitzan presentation - 9 h ,9,,2018-08 → 2018-08,1,yes,
bd9526a4-80c4-4307-8fd5-f34b254a9092,Studio,vacation calendar 2018 - 2.5 h,2.5,,2018-09 → 2018-09,1,yes,
e68a4b47-425f-4b69-b949-b4192827996d,Studio,Folders & mail - 67.5 hrs,67.5,,2018-09 → 2018-09,1,yes,
b1c4a1b3-1bd4-460a-9ac9-64317003ed0e,Studio,Enroute post - 4.5h,4.5,,2018-12 → 2019-11,12,yes,
90199db5-bbf5-42f1-87c7-38cb828074f6,Studio,Silvester post- 12.25h,12.25,,2018-12 → 2019-11,12,yes,
55b98d92-e06a-449f-b44a-c4292bb978ae,Studio,Studio ppt - 37.25 h,37.25,,2019-01 → 2019-01,1,yes,
10c8e1ad-a0a0-4950-b8b6-f2a1815390b9,Studio,Ravin app post - 24h,24,,2019-01 → 2019-11,11,yes,
2cf0f625-6254-417e-9099-8e3b5a982d67,Studio,AutoFleet dashboard post - 12h,12,,2019-01 → 2019-11,11,yes,
a8da57cd-6d25-4952-b5fa-3797f771a402,Studio,AutoFleet control center post - 19h,19,,2019-02 → 2019-11,10,yes,
844a4cdc-6339-4ffe-a95a-f76ad95d4fd2,Studio,scripts installation - 1h,1,,2019-02 → 2026-04,87,yes,
ba46346b-2a03-4e8d-9b4e-149e77701b0e,Studio,wanted & more post- 10.75h,10.75,,2019-02 → 2019-11,10,yes,
db90cc28-dedb-4894-8a84-cf7dacb23636,Studio,quadream icons - 6,6,,2019-03 → 2019-11,9,no,
e7a1f641-8ca9-4cb1-9f01-10da2c0dbd51,Studio,Ituran case study 86h,86,,2019-03 → 2019-03,1,yes,
ca9fb92e-beda-4a96-9209-e510007194ff,Studio,Toyota case study - 75.75,75.75,,2019-04 → 2019-04,1,no,
78b2b2f2-0e71-460a-9873-56b87cfaf538,Studio,Basis Case Study - 1.5h,1.5,,2019-06 → 2019-06,1,yes,
474d05d9-396d-4094-b9c0-947f7c6bf9de,Studio,Basis Case Study - 43h,43,,2019-06 → 2019-06,1,yes,
e688ec59-95d0-46b2-9a36-7b1fd784ecbd,Studio,Fun day posts - 27.5h,27.5,,2019-08 → 2019-11,4,yes,
31a694b6-0b36-4324-8d21-492cc3bb7381,Studio,Ido Calman's Portfolio - 42.5h ,42.5,,2019-10 → 2019-10,1,yes,
9ae5fd05-7c97-4d71-85ea-cc356d69945b,Studio,Wix bug - 16.5h,16.5,,2019-10 → 2019-10,1,yes,
2fb06536-ef23-4104-a7f9-6c1be0407190,Studio,Storemaven Casestudy - 59.25h,59.25,,2020-06 → 2020-06,1,yes,
901ddae5-5631-4f7a-a149-34f58eaab38a,Studio,mini tasks - 11.75h,11.75,,2020-09 → 2020-09,1,yes,
b409ee84-adc9-46c8-b85f-e9c4760bfa47,Studio,Volta Solar Case Study - 94.25h,94.25,,2021-01 → 2021-01,1,yes,
e352c722-ba23-474d-af03-378e466fbee4,Studio,Oxeye Case Study - 3.75h,3.75,,2021-07 → 2021-07,1,yes,
302c6143-7c5f-4de1-941e-79ef346dfcf1,Studio,Demo festival - 18.75h,18.75,,2022-05 → 2026-04,48,yes,
478a75e6-6e48-46f3-8832-5e3da97a2c42,Studio,co-play - case study -35,35,,2017-01 → 2022-11,71,no,
c0d154b7-c3a8-4717-aa21-b61cd99a3e83,Studio,illustration for website - 66.5,66.5,,2017-04 → 2022-11,68,no,
69990b47-6353-4a38-b2ce-7c09f6b6c9fe,Studio,לעדכן אתר קיים - 6HRS,6,,2017-07 → 2022-11,65,yes,
44d42970-30ee-4e18-8e1d-db8a5d46a87d,Studio,case study for nextnine - 20,20,,2017-08 → 2022-11,64,no,
9d4ec6df-7871-45f2-a1e0-c8429abd4f22,Studio,Case Study OFFF 48.5 HRS,48.5,,2017-09 → 2022-11,63,yes,
d2541b5f-bc31-48e1-a579-1d3dafd5fae9,Studio,case study - dday - 10.5,10.5,,2017-10 → 2022-11,62,no,
15698b58-0b5c-46be-86b1-8236bb937c39,Studio,case study - mobileye -8h,8,,2018-01 → 2022-11,59,yes,
9fa84039-69a2-4eb0-baa2-39e7e5a55f5c,Studio,case study - waves -4h,4,,2018-01 → 2022-11,59,yes,
5b9a39c6-8092-47e2-88fa-cdeec3b1b349,Studio,case study - tree 14.5 hr,14.5,,2018-03 → 2022-11,57,yes,
cf81bf63-6520-4e78-9e7c-0f27d41fd90d,Studio,case study - tuqqi 24 hr,24,,2018-04 → 2022-11,56,yes,
bc657c14-9fd2-469a-8ab2-115d788a4791,Studio,&more case study-21h,21,,2018-04 → 2022-11,56,yes,
e7bb805a-2c5b-4da2-88c2-f54531bd3a55,Studio,case study - Autofleet 65h,65,,2018-04 → 2022-11,56,yes,
59589e34-3970-4e2e-8732-90d7ae5edd2b,Studio,case study din 7 - 43.25hrs,43.25,,2018-04 → 2022-11,56,yes,
c2858b4d-a9ce-4246-8078-89c14bd4fb8d,Studio,case study SiteAware 41hrs,41,,2018-07 → 2022-11,53,yes,
60e84434-70b9-42f3-af55-53b2f940d2ce,Studio,Case Study - NewEra - 10 hr,10,,2019-06 → 2022-11,42,yes,
3bcb3b67-35c7-4c8a-88bc-359434e5fe27,Studio,Case Study - Ception - 12.25h,12.25,,2019-06 → 2022-11,42,yes,
1a7093a2-ba07-4f0a-a62d-6fcd27c973c5,Studio,Case Study - C2A - 34.25h,34.25,,2019-07 → 2022-11,41,yes,
1a515cd4-cb9d-4773-9bb7-87b4ac22f955,Studio,Nexar case study- 11.25h,11.25,,2020-03 → 2022-11,33,yes,
8bbca256-3769-4fd7-8dd3-192de7600468,Studio,Studio website Improvements - 30.5h,30.5,,2020-09 → 2022-11,27,yes,
26548d09-1fc9-4dc4-87b1-9de0b88c5a6e,Studio,Donsplus - Micro Icons - static post - 3.25h,3.25,,2022-03 → 2022-03,1,yes,
f3017737-b328-4e6b-9c49-61283fdc53da,Studio,Donsplus - dashboard - static post - 17.25h,17.25,,2022-03 → 2022-07,5,yes,
1fb67ab6-2ab4-4fbc-a019-7e00bda60264,Studio,Ception - “Any” Illustrations - static posts - 4h,4,,2022-03 → 2022-06,4,yes,
617add7f-4b89-4e69-aaa2-e58abeeb6b84,Studio,Autofleet - EV 3D Visuals - static post - 2.5h,2.5,,2022-03 → 2022-03,1,yes,
1d9e8494-950a-4f79-9baa-38fa751e2bc3,Studio,Anchor - Mini Social Campaign - 17.5h,17.5,,2022-04 → 2022-07,4,yes,
69de055e-06a4-49c1-bbe2-beb73363c993,Studio,Arison - posts -2h,2,,2022-06 → 2022-11,6,yes,
e1d25758-bfba-472f-a580-858ab1bce1a7,Studio,Shavuot post - 6h,6,,2022-05 → 2024-10,30,yes,
0db4244c-fbdb-4f07-be85-4e50b3114b30,Studio,Pride - 25h,25,,2022-06 → 2022-06,1,yes,
f1b42327-4818-48c4-b0e3-ae51a28ab644,Studio,Anchor - Header Wireframe - Animation post - 0.25,0.25,,2022-06 → 2022-07,2,no,
0d0450ea-db1d-472d-8387-6fdf5b605d34,Studio,Nominal logo sketch - static post 3h,3,,2022-06 → 2022-07,2,yes,
499a1e31-5866-4c35-8537-99b8f43742ef,Studio,Astrix Tiktok guide - 1h,1,,2022-06 → 2022-07,2,yes,
27c4441b-e253-40ff-8392-922592bd20cd,Studio,Donsplus - New website - static post 11.25h,11.25,,2022-07 → 2022-07,1,yes,
e979c5d4-bee0-4df1-b65e-148c02ed1769,Studio,Studio - Royal blue event - 5h,5,,2022-09 → 2022-10,2,yes,
e27a7db2-e301-4fe6-a453-94302fe5e92f,Studio,Holidays - 4h,4,,2022-11 → 2024-10,24,yes,
bae4517c-4883-4d33-b192-894ea69b2d60,Nextage,Studio's QA & Final corrections (16h) - 1h,1,16,2021-08 → 2022-04,9,yes,budget-vs-actual-far
22d037a9-0f97-4c14-95a0-a24368dd8ef7,Nextage,Logo editing for global and cerca pages - 0.5h,0.5,,2022-07 → 2023-08,14,yes,
a5d5e81b-dc1a-4ced-a17e-42135634b8de,OFFF tlv,מצגת באנגלית - 21,21,,2017-01 → 2017-01,1,no,
3a2e7fb0-d2dd-4679-b6c4-6e20ed37fbba,OFFF tlv,branding 273 hrs,273,,2017-01 → 2017-01,1,yes,
a7043951-444e-476f-ae05-eaa84a58c247,OFFF tlv,multi-gif for barcelona- 1hr,1,,2017-04 → 2017-04,1,yes,
d7b5f29a-8b47-4b20-9af9-c43498a22252,OFFF tlv,interview video-12.5,12.5,,2017-04 → 2017-04,1,no,
bfbd8b55-8964-4fad-b512-ac23e9028721,OFFF tlv,site -58 hrs,58,,2017-05 → 2017-05,1,yes,
d5aa6e56-e3c6-4870-99f6-68febf7ddcc1,OFFF tlv,tizer- 3,3,,2017-05 → 2017-05,1,no,
6bdc7582-049b-4278-84d4-99227b65ff20,OFFF tlv,branding v2 - 8hrs,8,,2017-06 → 2017-06,1,yes,
f02d033c-769e-46dd-a64f-2184017364b0,OFFF tlv,mail pdf - 2 hrs,2,,2017-08 → 2017-08,1,yes,
017c3f05-f52c-4660-85bd-e342556c3a8c,OFFF tlv,rebranded site - 14.5,14.5,,2017-08 → 2017-08,1,no,
7c29063f-5f17-4199-8d2b-addc1707b75e,OFFF tlv,Animated Bumper 85 HRS,85,,2017-08 → 2017-08,1,yes,
40cb3b7d-81c1-49ce-b1db-561ca3eed1cc,OFFF tlv,folder organize -1 h,1,,2017-08 → 2017-08,1,yes,
d207d251-da48-4a26-a03b-6a80f135278f,OFFF tlv,טיזר תלת 10 Hrs,10,,2017-06 → 2017-06,1,yes,
7e16dfc4-1275-496f-be7c-8169ccf20383,Barbahar,Wanted GIF - 1h ,1,,2020-01 → 2020-01,1,yes,
ea8342b6-0045-469d-abad-4081ca660fca,Barbahar,Print Products - 6.5h,6.5,,2020-01 → 2020-01,1,yes,
fff64e0c-4a78-472b-b2cf-8c467a6cdadb,OFFF tlv,OFFF webeite 2020 - 6 hrs,6,,2020-01 → 2021-07,19,yes,
f2e3c683-d5df-4364-8f5f-b44af9579315,Studio,logo anim- 5.5h,5.5,,2018-05 → 2022-11,55,yes,
6dca01ac-843a-49d7-8775-61527a1f0a2f,Arison,Hero video (40h-50h) - 15.5h,15.5,50,2021-05 → 2022-04,12,yes,budget-multi budget-vs-actual-far
1f1d290f-8d31-4932-9b92-1394921663c2,OFFF tlv,OFFFter party - 6.75h,6.75,,2019-09 → 2021-07,23,yes,
1e55328a-f1c0-46ec-ba80-c9ff97aba620,Ception,Logo - 42.5h,42.5,,2019-03 → 2019-06,4,yes,
3f9a899b-85b2-4bad-8fa2-b1db706c4366,Ception,Stickers - 7.25h,7.25,,2019-04 → 2019-06,3,yes,
c00487c4-05da-4d9b-9af2-e472954e5e95,Ception,B. card - 3.5h,3.5,,2019-04 → 2019-06,3,yes,
edcde094-15eb-4b70-aa16-e6f07e61bc5c,Ception,Web design - 95 h - FINAL,95,,2019-04 → 2019-06,3,yes,
4429baa8-ea9f-443e-82de-58b24dd05ae2,Ception,Notebook - 2.5h,2.5,,2019-05 → 2019-06,2,yes,
bdda93b1-b41e-4263-8d2b-2eec93b36bb2,Ception,color test - 1.5h,1.5,,2019-05 → 2019-06,2,yes,
045b8ba6-1e18-4803-bfda-ba3561713716,Ception,Booth Design (8h from client) - 6h,6,8,2019-08 → 2019-09,2,yes,
9941fb2b-b295-4bda-8013-f0568032817f,Ception,New page for Website (6h from client) - 7 h ,7,6,2019-08 → 2019-11,4,yes,
945f75dd-f88a-484a-a68a-483d3d805260,Ception,Roll up design - 4.5,4.5,,2019-08 → 2019-09,2,no,
05a2dcc6-9dcc-4fbf-9efd-c8e721036663,Ception,Motion Design (~24) - 22h,22,24,2019-09 → 2019-11,3,yes,
b04fb87e-c459-49cd-95f8-832cad844f2e,Ception,Narration (8h) -  8h,8,8,2019-09 → 2019-11,3,yes,
d7d30e87-1f40-4c83-979c-b57d50d30818,Ception,Animation (~8h) - 12h,12,8,2019-09 → 2019-11,3,yes,
c477deaa-4cf7-41cf-8b26-5fa497149dd8,Ception,Clip Edits -2h,2,,2019-10 → 2019-11,2,yes,
880d0544-3555-4b4a-a25c-83f3bb30d152,Ception,Website Add ons - 1h ,1,,2019-11 → 2019-12,2,yes,
92297ceb-040a-483d-90cf-cebc100686e6,Ception,CES Banner (2-3) - 5.5h ,5.5,3,2019-12 → 2020-01,2,yes,budget-range
5d173b28-0e5a-433b-8cae-3af5b66232f5,Ception,CES Booth design (8) - 3.75h,3.75,8,2019-12 → 2020-01,2,yes,
788a606c-caa9-4532-b4fe-d93edcc96556,Ception,One Pager (18) - 17.75h,17.75,18,2019-12 → 2020-03,4,yes,
6a02062c-c42b-4619-8f8e-95233ec95999,Ception,Website addons - 1.5h ,1.5,,2019-12 → 2020-01,2,yes,
b50fa801-b678-4069-a5b8-ddd785de56b0,Ception,Move Booth Design - 2 h,2,,2020-01 → 2020-01,1,yes,
32739339-37c8-4442-8e20-07e9def04479,Ception,Social posts for MOVE - 2h,2,,2020-01 → 2020-01,1,yes,
bc1e40ab-6633-469a-ade3-fe78fe2d7148,Ception,Mining truck image making - 15.5h,15.5,,2020-06 → 2020-06,1,yes,
582f420c-29dc-4320-b0f5-43b6f79b62bc,Ception,Website extras (4) - 5h,5,4,2020-06 → 2020-08,3,yes,
9f5af4e4-3bc7-46de-8d1e-0dbbcd092b9e,Ception,Hiring Post (4-5) - 9.75h,9.75,5,2020-10 → 2020-10,1,yes,budget-range
11692f05-db9b-4aa5-9d20-ac62a5b7c1bb,Ception,3d header update (16) - 15.5h,15.5,16,2021-01 → 2021-01,1,yes,
aa39848b-3e3c-4af5-a8ae-c8e9b06d8a2b,Ception,Update picture in One pager - 0.5h,0.5,,2021-01 → 2021-03,3,yes,
3d7121e9-f6b0-498e-ad0c-d4c67eb22f82,Ception,2 3D Visuals for Website (16) - 13,13,16,2021-04 → 2021-04,1,no,
fdf20ef3-b1d6-4047-90ae-a87a38344606,Ception,Website updates (8+8) - 14.5h,14.5,16,2021-04 → 2021-04,1,yes,budget-sum
126502a9-da49-499c-86c0-0e1dbe79dda4,Ception,Website - MineCept Section (8) -13h,13,8,2021-04 → 2021-04,1,yes,
088800bd-0772-4576-9ab6-4dc5f7ac1ba8,Ception,3 Visuals for Article (8) - 7h,7,8,2021-04 → 2021-04,1,yes,
f703eb2e-be69-44a7-a1ec-858695069761,Ception,career page (6-8h) - 7.25hrs,7.25,8,2021-07 → 2021-08,2,yes,budget-range
dc0a9373-b55c-4db3-b28b-0f8849c2c916,Ception,change in visual (1) - 0.5h,0.5,1,2021-05 → 2021-07,3,yes,
31e283de-739f-4e9c-9a74-1200a3e9a5d7,Ception,Imarc 3 Ads - (2-3) - 3.25h,3.25,3,2020-11 → 2020-12,2,yes,budget-range
631f55ae-61b6-484d-9666-ed44629da073,Ception,One Pager update (20-24) - 7.75h,7.75,24,2020-12 → 2021-01,2,yes,budget-range
75394b63-1821-444e-8344-60b39936606c,Ception,Presentation slide design (4) - 4h,4,4,2020-12 → 2020-12,1,yes,
d1f98350-3f60-4665-913d-de55bcb207b4,Ception,Festive card -  0.75h,0.75,,2020-12 → 2020-12,1,yes,
a4db1e83-f525-4e63-b224-fc8ab7d2e0f0,Ception,One pager for mines (5-7) - 10.5h,10.5,7,2020-03 → 2020-03,1,yes,budget-range
24ea3266-c8a6-484f-bdda-5da79cc10115,Ception,Mining Way Situation - Image Making (10+12+2) - 24.75h,24.75,24,2020-06 → 2020-07,2,yes,budget-sum
98d7fd8b-5885-4058-b47c-3489024c4c82,Ception,Mining Webpage (30+6) - 36.5h,36.5,36,2020-07 → 2020-08,2,yes,budget-sum
e3a56086-078d-4f00-969f-2fcac0c71da3,Ception,Office Design -37.5h,37.5,,2021-10 → 2022-03,6,yes,
6fb3a4bf-ceb0-400a-8693-978427a23726,Ception,3D office sign - 1.5h,1.5,,2021-10 → 2021-10,1,yes,
3a0499a5-ab2b-477f-bd23-a6fbf1d1f383,Ception,Desktop Wallpapers - 2h,2,,2021-12 → 2022-03,4,yes,
9c824bee-10b8-4cf1-974b-97ba53c29925,Ception,Holidays Post (2) - 2hrs,2,2,2021-12 → 2022-03,4,yes,
2afad1fc-ee2b-4ba8-b814-f450992b5ebf,Ception,Website Homepage Updates - 8h,8,,2022-03 → 2022-04,2,yes,
fc0fe856-8894-4550-a396-c3b866160eb8,Ception,One pager small change - 0.5h,0.5,,2022-03 → 2022-04,2,yes,
614fbaca-e108-404d-925a-8b323ee41041,Ception,Animation (64h) - 105.75,105.75,64,2022-04 → 2022-11,8,yes,
c1afec46-e7cb-4344-aa90-35af27b3a73b,Ception,Storyboard (6h) - 5.75h,5.75,6,2022-05 → 2022-11,7,yes,
3f6f0b09-9717-469a-85ff-27e088f7b7a9,Ception,Rosh Hashana Banner (3h) - 5.25h,5.25,3,2022-09 → 2022-12,4,yes,
9fca7789-1fff-4eef-bda1-ba1a0d3c4292,Ception,Linkedin Banner (3h) - 0.5h,0.5,3,2022-09 → 2022-12,4,yes,budget-vs-actual-far
be7f0d56-38f6-4ce5-a697-dc6559928fce,Ception,Caption - Video - 1h,1,,2022-09 → 2022-11,3,yes,
b86b45cb-6758-40e0-ae4c-0ad461c41041,Ception,Bauma Booth (10h) - 9.75h,9.75,10,2022-10 → 2022-11,2,yes,
38b9bec8-abb9-40cc-998a-34a6192632d6,Ception,One pager (10-12) -14h,14,12,2021-08 → 2021-09,2,yes,budget-range
8610e2ea-2154-4b65-a9ff-464671ce18c6,Ception,Booth (5) - 11.75h,11.75,5,2021-08 → 2021-09,2,yes,
0bb81f49-0972-449e-b30f-ff4c09a202c5,Ception,New Visual (8-10h) - 11.75h,11.75,10,2021-07 → 2021-08,2,yes,budget-range
66d18e8b-7751-4dcc-81c2-08a6beb6bed5,Ception,One pager web (2-3) -2.5h,2.5,3,2021-08 → 2021-09,2,yes,budget-range
850cd8ba-e80a-4a1b-8260-fea7cccc87f1,Ception,Office design - 2.5hrs,2.5,,2021-07 → 2021-08,2,yes,
39eaf356-becc-4195-85f5-25456284315e,Ception,Happy New Year (2) - 3h,3,2,2021-09 → 2021-09,1,yes,
cf75709f-f19a-42b4-a616-6aafab62f0fc,Ception,Image update careers page - 1h,1,,2022-04 → 2022-11,8,yes,
31c842bd-c98e-4b10-a537-abdd770d79c5,Ception,Explanatory Video design (82h+2h) - 92h,92,84,2022-04 → 2022-11,8,yes,budget-sum
ad6c7aa3-f0eb-4b2a-a6a3-b59c206da21a,Ception,Manuals word docs (6-8h) - 8h,8,8,2022-07 → 2022-11,5,yes,budget-range
69db1561-51a9-493c-a983-4623b9d865fe,Blazepod,App Design (230h from client) - 83.25h (15/10/19),83.25,230,2019-08 → 2020-06,11,yes,
f19e2169-7f07-4eaf-9f6c-79d427ca1038,Blazepod,meetings - 4.5h,4.5,,2019-08 → 2020-08,13,yes,
f3244be2-7284-457c-a8c7-5cf54826e667,Blazepod,Research (25) - 27.5h,27.5,25,2019-10 → 2020-08,11,yes,
cab4059b-3c6c-48bb-a145-025329bfb69e,Blazepod,UX Concept (25) - 19h,19,25,2019-10 → 2020-08,11,yes,
1674e6bd-6cd9-4b20-bce1-85a70a0fe93c,Blazepod,UX (44) - 90.75h,90.75,44,2019-10 → 2020-08,11,yes,
738a1e38-a53b-44df-935a-9e233df94aae,Blazepod,App screens (90) - 74.25h ,74.25,90,2019-10 → 2020-08,11,yes,
39e3fd09-bdc7-4f3a-ac19-a5449727e2e5,Blazepod,Dev (16) - 2,2,16,2019-10 → 2020-08,11,no,budget-vs-actual-far
575071cf-37a1-4e54-a2e2-d7b57bde71b6,Blazepod,Get to know flow - 12.75h,12.75,,2020-09 → 2020-10,2,yes,
4f110589-3f45-4540-8a50-b40fae2c6f00,Blazepod,General Requests - 16,16,,2020-09 → 2020-10,2,no,
01fbdc89-25d3-41a9-8352-a801ba27c746,Blazepod,User Testing - 18h,18,,2019-11 → 2020-08,10,yes,
f5f52e15-7c3b-488d-b07b-e3f35804ecda,Blazepod,Visual research + competitors (3) - 1.75h,1.75,3,2019-11 → 2020-08,10,yes,
abded8cc-e7ea-4bd8-b7df-b4bc9d52c98b,Blazepod,Define visual approaches (5) - 6.75h,6.75,5,2019-11 → 2020-08,10,yes,
ffb3f1bf-784f-4a26-8e5d-57bbff428977,Blazepod,Visual concepts (12) - 18.25h,18.25,12,2019-11 → 2020-08,10,yes,
ade87552-79d6-4872-9a9a-03b37a120712,Blazepod,Refine chosen concept (10) - 17.5h,17.5,10,2019-11 → 2020-08,10,yes,
9ed75ec3-ea89-4865-8add-3c30b4967e04,Blazepod,"Zeplin, Export, Dev - 14",14,,2020-02 → 2020-08,7,no,
366fe346-757d-46b5-a75b-066a487b1636,Blazepod,Icons -3.75h,3.75,,2020-01 → 2020-08,8,yes,
1a41da23-5ad6-4fb1-9786-c98ee337e83e,Blazepod,Engines Illustrations (7) - 2h,2,7,2020-01 → 2020-08,8,yes,budget-vs-actual-far
b8725f08-8a2d-4114-b9ba-ab591ad9601e,Blazepod,Sign up (5) - 3.5,3.5,5,2020-01 → 2020-08,8,no,
afe7d299-377b-4b84-83f2-598e93ab5b59,Blazepod,Box Design (28h)  - 29.25h ,29.25,28,2020-01 → 2020-02,2,yes,
a4b4c603-dc71-4a46-9598-3d7923574eb7,Blazepod,Logo finishes - 8h,8,,2020-01 → 2020-02,2,yes,
a03eba6d-38db-42d8-b837-aa9bdd8181b7,Blazepod,Create flow (3) - 3.25,3.25,3,2020-01 → 2020-08,8,no,
685d64a8-5503-4d35-9747-9d6e584b766c,Blazepod,Monitor game (2) - 4,4,2,2020-01 → 2020-08,8,no,
800605d7-f496-491e-b41e-baf9d990d076,Blazepod,Shterny - 1.25,1.25,,2020-01 → 2020-08,8,no,
7137282b-7ece-4dd0-a326-43877707c336,Blazepod,log in (0.5) - 0.5,0.5,0.5,2020-02 → 2020-08,7,no,
82241d92-282d-432d-850e-896aac1a7321,Blazepod,fix general comments from last call + finishing touchs (2) - 8,8,2,2020-02 → 2020-08,7,no,budget-vs-actual-far
a6c6a341-de10-419e-a345-2b9d660f798c,Blazepod,Shterny's copy + applying new font (2) - 1.5,1.5,2,2020-02 → 2020-08,7,no,
049149e7-0623-4937-9085-0c7dbc33b185,Blazepod,pod settings - tool tips (2) - 2,2,2,2020-02 → 2020-08,7,no,
32dc3e5b-899c-45dc-8892-b6e11c781516,Blazepod,predefined - setting per engine open+closed (4) - 6.5,6.5,4,2020-02 → 2020-08,7,no,
6dbdcebb-8c4c-487c-83ca-e04141c0ba86,Blazepod,create screen - settings per engine (4) - 6,6,4,2020-02 → 2020-08,7,no,
36ba02b0-235e-482f-9eee-590182a53634,Blazepod,explore - new flow (6) - 5.75,5.75,6,2020-02 → 2020-08,7,no,
d179946e-f233-47e6-8be7-79d7d1de867f,Blazepod,countdown + monitor game - per engines (4) - 5.5,5.5,4,2020-02 → 2020-08,7,no,
298ca07a-c7bb-498d-b6dc-3e32253b332b,Blazepod,score screen per engines (3) - 6.25,6.25,3,2020-02 → 2020-08,7,no,
a3aad7bc-ecf9-43b0-bce8-ef94a44fbb0b,Blazepod,"zeplin, export, dev (10) - 4.75",4.75,10,2020-02 → 2020-08,7,no,
6b6db5f5-fd6b-454b-80b2-4a5d35b47a25,Blazepod,style guide (12) - 24.75,24.75,12,2020-02 → 2020-08,7,no,
5a7b0ab5-b3db-495a-911a-444c11ead324,Blazepod,History score screen per engines (3) - 2,2,3,2020-02 → 2020-08,7,no,
d73d35b2-140a-4bb1-b68a-6d33547b56bc,Blazepod,Analytics main screen flow - 5,5,,2020-02 → 2020-08,7,no,
7384a25c-ce83-45da-840e-6feeed7f3c99,Blazepod,Player History screen (2) - 2,2,2,2020-02 → 2020-08,7,no,
00e86002-d623-4c59-bf53-c899ed152ff5,Blazepod,Illustrating c4 pod (4) - 4.5,4.5,4,2020-02 → 2020-08,7,no,
fda8065a-85a4-4de3-b6a3-58e311c93a30,Blazepod,Illustrating engines (8) - 8.5,8.5,8,2020-02 → 2020-08,7,no,
d35dd8ec-b302-4273-a878-7ebd558d17b9,Blazepod,Dev - 11h,11,,2020-04 → 2020-08,5,yes,
3390698d-1a86-4b23-9039-5295dbc714ad,Blazepod,App screens - 7.75,7.75,,2020-04 → 2020-08,5,no,
3c4c1b01-d814-4c79-ab54-0b44705583a2,Blazepod,4D & Animation - 2h,2,,2020-04 → 2020-08,5,yes,
1181106e-146e-410c-97f9-8cd0767bcb47,Blazepod,Illustrating engines - 2h,2,,2020-04 → 2020-08,5,yes,
84678397-d878-4dd3-9204-47150b80ab2b,Blazepod,dev - 1.75,1.75,,2020-05 → 2020-08,4,no,
3f8102dc-fae8-4f27-8536-353307e5acbf,Blazepod,new screens - 53.5h,53.5,,2020-05 → 2020-08,4,yes,
1352e672-dd57-4e73-a693-8041af4b74e7,Blazepod,Illustrating engines - 2.75h,2.75,,2020-05 → 2020-08,4,yes,
c1a69c2f-8a8a-404f-960e-0f1bfb4abaf1,Blazepod,new screens - 6h,6,,2020-06 → 2020-08,3,yes,
a5e36e44-2209-4050-8cec-f5d0b53251c8,Blazepod,Illustrating engines - 0.5h ,0.5,,2020-06 → 2020-08,3,yes,
51328986-f858-46c9-99f3-2bcd2f787f63,Blazepod,June Tasks Doc (34-40) - 38h,38,40,2020-06 → 2020-08,3,yes,budget-range
d61bd2a8-66fe-4e11-bf59-e2b4652efe77,Blazepod,exports - 2.5h,2.5,,2020-06 → 2020-08,3,yes,
52c03675-f75b-42ce-8f02-3c6c5e58e407,Blazepod,Onboarding animations + Tips carousel (8-10) - 28.75h,28.75,10,2020-06 → 2020-10,5,yes,budget-range budget-vs-actual-far
5b9fc218-7ba6-45a1-aea0-018fdf148665,Blazepod,Application tips (4) - 6h,6,4,2020-06 → 2020-10,5,yes,
4dfd8491-a130-41aa-a1e8-76df50ec62f7,Blazepod,Exercise styleguide (9+8) - 18.25h,18.25,17,2020-06 → 2020-10,5,yes,budget-sum
91dc4502-371a-406f-8926-61fab7c8da4d,Blazepod,App store/google store Pictures (10-16) - 26.25h,26.25,16,2020-06 → 2020-10,5,yes,budget-range
2a1dd78e-46ed-469c-ba30-6ba939312218,Blazepod,General Requests - 13.5h,13.5,,2020-07 → 2020-10,4,yes,
ac7c2e50-a9a6-4854-8df1-2f8179f05b2b,Blazepod,General Requests  - 34.5,34.5,,2020-08 → 2020-10,3,no,
ed872cda-eb22-4e52-ba04-f72ae79c29df,Blazepod,App store/google store pictures - 13h,13,,2020-09 → 2020-10,2,yes,
4929faa4-6b85-4e70-a0ab-d98d17db6104,Blazepod,Academy clips (40) - 6.25h,6.25,40,2020-09 → 2020-10,2,yes,budget-vs-actual-far
c988d1c0-a622-4cdf-814c-ffd258014882,Blazepod,App store/google store pictures videos - 5.5h,5.5,,2020-10 → 2020-10,1,yes,
58fffc00-6808-4f6f-9b25-2de5c63917df,Blazepod,General - 23.5h,23.5,,2020-10 → 2020-10,1,yes,
f2cdad04-5cfc-4ceb-b9d0-880a97497c09,Blazepod,Academy Clips (34+4 sound) - 40.75h,40.75,38,2020-10 → 2020-10,1,yes,budget-sum
0a7ef493-365c-4258-9f92-9c06646126a5,Blazepod,IPAD Adaptations (140-180) - 30h - FINAL,30,180,2020-10 → 2021-01,4,yes,budget-range budget-vs-actual-far
5ef4ecd4-804a-4c52-85f2-ec8527f9666e,Blazepod,General tasks - 38.25h,38.25,,2020-11 → 2021-01,3,yes,
b171de75-9ace-4be2-8006-0e9ea2b790b2,Blazepod,App landing page - 5.5h,5.5,,2020-11 → 2021-01,3,yes,
3ed7f34a-7ffd-4a77-9329-fb97cb52c141,Blazepod,General tasks - 59h,59,,2020-12 → 2021-01,2,yes,
5e4f4aa8-877f-4e05-a0d5-4ec028b08c0f,Blazepod,Package & manual (40) - 64.5h,64.5,40,2021-01 → 2022-04,16,yes,
eaece031-b115-4c63-90e0-d98c14a6d112,Blazepod,General tasks - 81.75h,81.75,,2021-01 → 2021-02,2,yes,
a792799e-64a1-4e2a-9955-dbb35e0ad73b,Blazepod,General tasks - 82.25h,82.25,,2021-02 → 2021-03,2,yes,
72f5f5df-1716-48c9-b93a-074a29a97891,Blazepod,General tasks - 59.25h,59.25,,2021-03 → 2021-04,2,yes,
88ec46c3-7278-41a0-ae41-12d449e087cc,Blazepod,General tasks - 72.25h,72.25,,2021-04 → 2021-05,2,yes,
d4ae4613-fda0-4394-93eb-6ee7ee6e5656,Blazepod,Manuals - 9.5h,9.5,,2021-04 → 2021-04,1,yes,
6609ed7a-9e8f-4fca-84b3-9b59b166ce83,Blazepod,BlazePod Academy video - tests feature (4h+2h sound) - 14.75h,14.75,6,2021-05 → 2022-04,12,yes,budget-sum
4cc17b1f-a8ed-41b7-853b-9ebe53639f93,Blazepod,General tasks - 43.5h,43.5,,2021-05 → 2021-06,2,yes,
3241fdf8-2b98-4a70-8455-dbe296b0bc00,Blazepod,General tasks - 59.5h,59.5,,2021-06 → 2021-07,2,yes,
d5af9cdd-e752-4efb-8e97-26e401bb3b8a,Blazepod,cutting images - 9.25h,9.25,,2021-07 → 2021-07,1,yes,
4bd955c0-075b-4229-8b50-c2a5058d7101,Blazepod,General tasks - 83.75h,83.75,,2021-07 → 2021-08,2,yes,
7491e95f-3195-47a5-80d0-539e9fed228f,Blazepod,cutting images - 5.5h,5.5,,2021-07 → 2021-08,2,yes,
5298fc66-440d-411e-bc7d-fe8302969e41,Blazepod,New Animation (1h)-1.75h,1.75,1,2021-07 → 2021-08,2,yes,
cd3e02c5-c641-430d-88ec-87b5a564551f,Blazepod,General tasks - 55h,55,,2021-08 → 2021-09,2,yes,
1901d392-c975-4d51-92f4-93a6649147e7,Blazepod,General tasks - 14.5h,14.5,,2021-09 → 2021-10,2,yes,
44bed518-55c3-4b86-bbc5-c2dc00f1e016,Blazepod,General tasks - 26.75h,26.75,,2021-10 → 2021-11,2,yes,
1677f6b5-8ea2-4f18-ab19-952be3e4b386,Blazepod,Achievement design - 5.75h,5.75,,2022-03 → 2022-09,7,yes,
91d273d5-dec3-416c-820c-a21d8705bfdd,Blazepod,Pod vector design (6h) - 6,6,6,2022-03 → 2022-09,7,yes,
c0ea31d3-8679-4d68-8839-e27bfb009eb3,Blazepod,Engine Lottie animation - 3.5h,3.5,,2022-03 → 2022-10,8,yes,
29183d6d-90a2-4998-a190-fd73e9715c32,Blazepod,Collection - 2.5h,2.5,,2022-05 → 2022-07,3,yes,
971b2cd5-4e94-4b45-825c-4af4eb3ad848,Blazepod,Zeplin - 3.5,3.5,,2022-05 → 2022-07,3,no,
1657906d-1433-420f-83df-64308d47ecf6,Blazepod,Academy video - 7h,7,,2022-06 → 2022-07,2,yes,
ea9ac437-805d-4097-80c2-44b8e3bd6239,Blazepod,App Icon - 1.5h,1.5,,2022-06 → 2022-07,2,yes,
f2843053-45da-4dac-9901-ddbf9aa086d8,Blazepod,Figma conversion (3h) - 2.5h,2.5,3,2022-06 → 2022-07,2,yes,
6fd06f04-92cc-43e6-baf7-e0cd95b8a350,Blazepod,Exporting assets for website animations - 4.5,4.5,,2022-06 → 2022-07,2,no,
277f57f2-25c0-4377-af1c-a11fab0c3a54,Blazepod,Random logic - Video pilot (12h) - 12h ,12,12,2022-08 → 2022-11,4,yes,
dc8c623f-c728-460e-b4fe-28cc9a9b1808,Fiverr,SMB help clip - 22h ,22,,2020-03 → 2020-03,1,yes,
79fc060b-c365-4a98-b3ef-8e81e297dc2c,Fiverr,UX Wireframes (4) - 4h,4,4,2020-03 → 2020-05,3,yes,
c6059f8a-d64f-4ca1-9eb0-7346bbcd13b9,Fiverr,Visual research (4) - 6.5h,6.5,4,2020-03 → 2020-05,3,yes,
b7eeec2f-f122-4cf0-81de-8af94b9eb8f0,Fiverr,Design Concepts (8) - 6.25h,6.25,8,2020-03 → 2020-05,3,yes,
7f4e3aa8-922a-4e6f-9277-abf40b8e6b4a,Fiverr,Full Design (24) - 19.5h,19.5,24,2020-03 → 2020-05,3,yes,
37ba755d-482e-4952-b45b-9769b7d95a36,Fiverr,And.co animations (11) - 11.75h,11.75,11,2020-04 → 2020-05,2,yes,
3412452e-4c89-4d3c-b3fc-e751da01e4a6,Fiverr,Inbox - Filtered out (1.5) - 5.25h,5.25,1.5,2021-08 → 2021-08,1,yes,budget-vs-actual-far
61ff8f03-4883-402a-bd57-a0c4ae8e2db0,Fiverr,Manage orders (3) - 9.75h,9.75,3,2021-08 → 2021-08,1,yes,budget-vs-actual-far
c821d574-4b59-49ba-9e94-7196c4ee507b,Fiverr,Become a seller (3/6) - 14h,14,6,2021-08 → 2021-08,1,yes,budget-multi
4cc13f62-f700-4747-952a-173540cb452e,Fiverr,Manage requests (1) - 2h,2,1,2021-08 → 2021-08,1,yes,
6df0a187-5d7d-4e04-9d11-d392b95c4750,Fiverr,No search results (2) - 5.5h,5.5,2,2021-08 → 2021-08,1,yes,
bd908312-90b4-4d39-9590-3a821016779e,Fiverr,My gigs (1) - 3.75h,3.75,1,2021-08 → 2021-08,1,yes,budget-vs-actual-far
e0672a48-28c2-472a-bec4-aef6f3ec9a60,Fiverr,Favorite gig (1) - 1.25h,1.25,1,2021-08 → 2021-08,1,yes,
3d35e217-451b-46f5-9eab-59ee50fae9ad,Fiverr,Payment order (2) - 0.5h,0.5,2,2021-08 → 2021-08,1,yes,budget-vs-actual-far
a5fe47dc-76c1-4251-afdb-08e6c4359e17,Fiverr,Congrats (2) - 4.25h,4.25,2,2021-08 → 2021-08,1,yes,
732ea45e-7e3f-492b-8f94-b9b897d1bbd3,Fiverr,Downtime (2) - 2.5h,2.5,2,2021-08 → 2021-08,1,yes,
e83518f7-5cfd-4f42-a71b-c4d625a6f66a,Fiverr,References & 1 General Design Draft (16) - 18h,18,16,2021-09 → 2022-04,8,yes,
781860dc-b999-4917-889c-e380ba7e4725,Fiverr,Choosing 5 elements for each category (8) - 4.75h,4.75,8,2021-09 → 2022-04,8,yes,
b4e45356-5676-4297-a0d0-6e26a3ef929e,Fiverr,3 Animations (64) - 87.5h,87.5,64,2021-09 → 2022-04,8,yes,
07767861-cff7-46fd-a9e7-57047e6ffbde,Fiverr,Seller review(3) - 1.25h,1.25,3,2021-09 → 2021-09,1,yes,
ebfa408d-86ae-4984-bdeb-797ad626fe42,Fiverr,Congrats first purchase (1) - 3.5h,3.5,1,2021-09 → 2021-09,1,yes,budget-vs-actual-far
e3a2dd8b-e189-45c8-8d6c-ae05086973a5,Fiverr,Manage requests NEW - 1.75h,1.75,,2021-09 → 2021-09,1,yes,
8b3f13c7-8de9-4c42-8a39-a50bb207ad88,Fiverr,no internet(2/3)  - 4h,4,3,2021-09 → 2021-09,1,yes,budget-multi
649297b5-2d73-477e-9bf8-5ffccd389fb1,Fiverr,Something went wrong NEW - 3.25h,3.25,,2021-09 → 2021-09,1,yes,
c5c73eea-9f5f-422e-b779-ec36bded5a90,Fiverr,Invite a friend - 3.75h,3.75,,2021-10 → 2021-10,1,yes,
5de92d26-9c3e-43cf-b671-5e1a973adcaa,Fiverr,My custom offer - 0.75h,0.75,,2021-10 → 2021-10,1,yes,
2f6569a8-efd8-49a5-893a-c60c7cc97895,Fiverr,No results Magnifier - 3.75h,3.75,,2021-10 → 2021-10,1,yes,
f5cea47a-8168-4724-a722-a95c84862d79,Fiverr,No search results inbox - 4h,4,,2021-10 → 2021-10,1,yes,
75772f3f-a1e8-40e2-bac2-005bdc6b6462,Fiverr,Animation (48)- 49.25h,49.25,48,2021-12 → 2022-04,5,yes,
7a680ff8-7afe-4119-8f95-560c3e5934f4,Fiverr,Design (6) - 5.75h,5.75,6,2021-12 → 2022-04,5,yes,
15971795-cf69-4211-bcfb-22b79db2be29,Fiverr,Fiverr - income sync animation (4h) - 4h,4,4,2022-02 → 2022-04,3,yes,
f6be5b11-c370-4988-831a-533ad59cc227,Fiverr,Fiverr - logo maker animations  (25h) - 20h,20,25,2022-03 → 2024-05,27,yes,
e85dcd69-019c-4bb9-9682-aa023a41eb1c,Fiverr,Fiverr - Animated illustrations (12h) - 11.5,11.5,12,2022-04 → 2024-05,26,yes,
e93dd7c5-e879-499f-9566-7016a32d067b,Double,Widget Design (30) - 30h (14/06/2020) ,30,30,2020-06 → 2020-08,3,yes,
9796d0ce-9275-449d-adab-970cccaef66c,Double,Widget Animation (6) - 6h,6,6,2020-06 → 2020-07,2,yes,
3a4e3fff-79f4-41c7-b5b8-f151a90568ae,Double,Stationery Design - 7h,7,,2020-06 → 2020-10,5,yes,
0e762452-5326-4ba4-a629-4f000aed8225,Double,Widget Additions - 6h,6,,2020-06 → 2020-08,3,yes,
005c73fa-87dd-4457-83f3-bbe75a6cb872,Double,UX (24-28) - 18.5h,18.5,28,2020-06 → 2020-08,3,yes,budget-range
9dc82dd2-c7d5-4c34-90bc-c54a29a21c23,Double,UI (48-56) - 70.25h,70.25,56,2020-06 → 2020-09,4,yes,budget-range
d48b1c3f-beca-4eb4-bcf3-80c4dd46bae5,Double,Mobile (20-24) - 2.75h,2.75,24,2020-06 → 2020-08,3,yes,budget-range budget-vs-actual-far
3be2d230-0fe9-4a6d-842f-b72b8411b57b,Double,Export for Dev & Styleguide (8-12) - 6.75h,6.75,12,2020-06 → 2020-09,4,yes,budget-range
f66c495c-c374-4632-9173-df62cb458914,Double,Website Copy (28) - 30h,30,28,2020-07 → 2020-11,5,yes,
bc6c63ae-4d50-4346-a3da-fca41409302d,Double,Website Wireframe (5)  - 4h,4,5,2020-07 → 2020-10,4,yes,
1baf9de3-d6b8-471b-aaf9-e11be9199c0a,Double,Full Website Design (40) - 62.75h,62.75,40,2020-08 → 2020-11,4,yes,
7fbe2c00-d4a0-4a72-bc5a-9e27de99cc8c,Double,9+3 Animations - Design & Animation (24) - JUST STATIC for now - 26h,26,24,2020-08 → 2020-10,3,yes,
98580f49-8eb0-48da-b666-f9132d27b345,Double,Main Header Design & Animation (14) - 46h,46,14,2020-08 → 2020-10,3,yes,budget-vs-actual-far
74f78e2b-1cc5-4dce-b5ec-2e917b67cc46,Double,Solution Overview Animation (10) - 12h,12,10,2020-08 → 2020-11,4,yes,
fe4cff48-44df-49b4-bf6f-70aad8b530e7,Double,Mobile Website (8) - 14h,14,8,2020-08 → 2020-10,3,yes,
315ff40e-a4f1-4e6f-8b0c-f9e3ce8f4e64,Double,Develop + Styleguide (5) - 5h,5,5,2020-08 → 2020-10,3,yes,
b2343b4b-a22a-47a5-91bc-71efdc56f883,Double,Email Signature Update - 0.5h,0.5,,2020-08 → 2020-09,2,yes,
cf86e68d-9ee0-43df-a975-7650a8a99314,Double,Webflow (20) - 20h,20,20,2020-08 → 2020-10,3,yes,
35352e82-c4fe-4828-989f-96c8f9b0e846,Double,2 Widget Features - 18,18,,2020-08 → 2020-10,3,no,
c988a453-d5d6-4bfe-9a5f-f793448a7015,Double,Notebook Cover Design - 1h,1,,2020-08 → 2020-10,3,yes,
822abac9-05f2-485f-9d7d-8d78009207c7,Double,Sign in illustration export - 0.25h,0.25,,2020-08 → 2020-09,2,yes,
7bc9f0c8-8d07-48cd-849b-cbc20e5f3390,Double,Brand Backgrounds & Patterns - 5h,5,,2020-09 → 2020-11,3,yes,
6001397b-2d93-4936-a57b-ca5279d6ebcc,Double,Processing fee covering - 3.75,3.75,,2020-10 → 2020-11,2,no,
b51efab1-7f1e-4caf-92e1-a5ec2de27d52,Double,Processing fee covering Animation - 1h,1,,2020-10 → 2020-11,2,yes,
61bf400d-3d0f-487e-86f9-013b78e17ace,Double,Social Cover Photos - 3h,3,,2020-10 → 2020-11,2,yes,
21b5f1f5-2a1e-49eb-b613-d455f17bc609,Double,Website Additions - 5h,5,,2020-10 → 2020-11,2,yes,
136ea895-b384-4dd4-af5a-9b7a5e07f8db,Double,Widget Additions - 1.75h,1.75,,2020-10 → 2020-11,2,yes,
0bdd9991-3220-4bf1-b7c0-f03610a438f1,Double,B.card update - 0.5h,0.5,,2020-10 → 2020-11,2,yes,
13e4907d-6916-4f52-a18a-6113b0655361,Double,Donsplus - Dashboard Updates (24) - 26.5h,26.5,24,2020-12 → 2021-01,2,yes,
4f92436b-8432-4b16-afcf-387e233b64d1,Double,Donsplus Banners (2)- 2h,2,2,2020-12 → 2021-01,2,yes,
12c6a641-de36-485d-b593-aa74ae53c1e5,Double,Donsplus Support image (2) - 2h,2,2,2020-12 → 2021-01,2,yes,
4cbb50e7-4966-4d6a-b11a-fc1b82fe8165,Double,Dashboard Updates - 3h,3,,2021-01 → 2021-01,1,yes,
06a3bd12-3566-4f90-b055-9ebeebb05906,Double,Dashboard updates (10) - 10.75h,10.75,10,2021-02 → 2021-03,2,yes,
74c6060e-492c-48c2-8de3-24f1cd67fb92,Double,Recurring donations upsale (19) - 16.25h,16.25,19,2021-03 → 2021-08,6,yes,
a8a7dffa-08dc-4f82-8aad-a28b36dfe4e5,Double,Multiple Assignments - 1h,1,,2021-03 → 2021-03,1,yes,
728f823f-07ab-44f3-8637-d64da2ee9777,Double,3 small tasks (18-20) - 14.25h,14.25,20,2021-03 → 2021-08,6,yes,budget-range
e472771a-d4fe-4817-9e7d-b711d56a448d,Double,Widget Description - 5-8/4 - 2.5,2.5,,2021-03 → 2023-01,23,no,
8f682205-ec84-44e2-85d4-eeffa9b95112,Double,Widget embedding - 0.25h ,0.25,,2021-03 → 2023-01,23,yes,
83ddee76-b34a-43f1-8fe7-544f49050f85,Double,Charges Tab - Dashboard - 5-8/4 -4h,4,,2021-03 → 2023-01,23,yes,
d8c68599-e5c3-43f4-bfea-eb115e1335d0,Double,Email verification illustration (8) - 5.25h,5.25,8,2021-05 → 2021-08,4,yes,
cad9ab9a-3101-4af3-a9f5-658f0ecd5ffb,Double,Website updates (26) - 80h,80,26,2021-08 → 2022-03,8,yes,budget-vs-actual-far
457a72d0-df81-47df-8ad0-4f98388d4fac,Double,3 Feature Animations (15) - 21.75h,21.75,15,2021-08 → 2021-11,4,yes,
567ff6c4-361a-41b1-884b-f273c0b1b279,Double,Company Matching Feature (?) - 11.75,11.75,,2021-09 → 2021-11,3,no,
682bb537-7ffa-41b1-afad-d8e66a8133ee,Double,Banner - 1h ,1,,2021-10 → 2021-11,2,yes,
1582fe41-bbe2-42fc-85ea-652b06e36f17,Double,CTA Nudges - 3h,3,,2021-10 → 2021-11,2,yes,
41021a34-2c0d-471b-954d-88a40a8040d6,Double,Presentation video background - 0.75h,0.75,,2021-11 → 2022-03,5,yes,
02c56c84-2947-4b1b-b1e4-d9c134a518a1,Double,Donsplus newsletter banner - 2.5h,2.5,,2021-11 → 2022-03,5,yes,
447fd6a7-ca8e-46a0-8b22-7ecb5f3f4ea6,Double,Company Matching - 5.75h,5.75,,2021-12 → 2022-03,4,yes,
62e463cb-f8b3-4519-9b24-c2ab35865e3e,Double,One Pager - 15.25h,15.25,,2021-12 → 2022-03,4,yes,
e8f5ab8b-71bb-4042-bb22-0f4c553c17ce,Double,Donsplus Widget P2P&Volunteer - 49.75h,49.75,,2021-12 → 2022-04,5,yes,
e9bc245c-ef5d-45a7-ba9f-eff9798b925d,Double,To Do list - 3h ,3,,2022-01 → 2022-04,4,yes,
0891dd8a-ccec-44ff-a9a7-344432aac0da,Double,Setting re-define -  44,44,,2022-02 → 2022-04,3,no,
a74b27d8-19d5-46c0-a55c-49351c39bec5,Double,website 3.0 desktop design - 49.25h,49.25,,2022-02 → 2022-11,10,yes,
fde315f1-fa97-4a5a-aef2-a9f604dadbfa,Double,Premium feature - 15.5h,15.5,,2022-02 → 2022-04,3,yes,
39da557c-15e3-4084-89c4-7de46bcc6477,Double,Card for swag box - 2h,2,,2022-03 → 2022-04,2,yes,
d6d3e7ce-5254-457e-8206-bd316cb904d9,Double,website 3.0 mobile - 19h,19,,2022-03 → 2022-11,9,yes,
b4064da0-2899-4068-a7f3-1ff9b4cc0a83,Double,preparing for dev - 16h,16,,2022-03 → 2022-11,9,yes,
19cde3fd-4e80-4450-b595-b4193f5bb5a7,Double,QA - 24.25h,24.25,,2022-03 → 2022-11,9,yes,
a6b226a9-d242-4e51-9e1e-617d0489bdbf,Double,website 3.0 wireframes - 8h,8,,2022-03 → 2022-11,9,yes,
8dace640-e7ae-4bcb-96ca-95bed52bf6fc,Double,Nudges update - 1h,1,,2022-03 → 2022-04,2,yes,
04796cab-6b57-4c79-8ed2-8afdf22abc6d,Double,Partners deck - 10h,10,,2022-04 → 2022-10,7,yes,
264369ca-609b-4ca1-80d6-29010afe9979,Double,Changes for dev - 8.25h,8.25,,2022-05 → 2022-11,7,yes,
5acd1518-ba6d-4c3e-b9d2-fea9d5f42aac,Double,New pricing page - 11.5h,11.5,,2022-05 → 2022-11,7,yes,
cc0312f0-c105-47b9-b48b-98efd686b698,Double,Customers deck - 4h,4,,2022-05 → 2022-10,6,yes,
48cfffa0-d5e7-4ceb-89db-256101ea3c2b,Double,Visual for a LinkedIn post - 3.25h,3.25,,2022-08 → 2022-12,5,yes,
5272a22c-cffd-4ea4-a9c5-e04dece0ca51,Double,Blog enhancement - 6h ,6,,2022-10 → 2022-12,3,yes,
7e2224ec-46eb-474e-ab45-09815b463986,Studio,summer post-9.5h,9.5,,2018-07 → 2018-08,2,yes,
70bbc183-d99b-41c0-ab9f-21818730cbb6,Arison,404 page  - 1.25h,1.25,,2021-11 → 2022-04,6,yes,
5fb55fc7-fb08-429c-9a2e-2e0f606db01b,Arison,Milestones images editing (5h)- 4.75h,4.75,5,2021-11 → 2022-04,6,yes,
3505e6eb-ded4-430f-91dd-6f4de9d45dc1,Arison,Team images (2h) -  2h,2,2,2021-12 → 2022-04,5,yes,
4a8d1b7c-909c-4f71-9646-dc0b6c9b6669,Arison,Presentation meeting - 2.5h,2.5,,2021-12 → 2022-04,5,yes,
5151fba0-db95-457f-8c38-a37363a1c494,Arison,Team section photo editing (1h) - 1h,1,1,2022-10 → 2023-02,5,yes,
c770083f-df7c-437c-8a93-a98b51805fe8,Arison,Daniel Arison photo editing - 0.5h,0.5,,2022-11 → 2023-02,4,yes,
a92d4aab-a5af-4147-92d1-a536fcaeebcf,Arison,Rest of the pages design// 7 pages (96>210h) -216.75h,216.75,210,2021-02 → 2022-04,15,yes,budget-multi
f2d580e8-f049-46ea-8c10-c203741d8ca0,Arison,"Style guide, behavior file & references (10h) -  12.75h",12.75,10,2021-08 → 2022-04,9,yes,
7804f171-cc12-4a76-b82b-ec41d3ef8023,Arison,Dev Studio guidance & QA (23>32h) - 47.25h,47.25,32,2021-02 → 2022-04,15,yes,budget-multi
8360781e-2e4e-4284-95ab-76b404cc5f16,Arison,Team section + images changes (6h) - 13.5h,13.5,6,2021-12 → 2022-04,5,yes,
4b2440b7-d93d-4101-8eb5-8f63a15c4996,Arison,Accessibility (9h) - 11.25h,11.25,9,2022-02 → 2023-02,13,yes,
366c33bb-cd13-48c7-9f6e-7e8460c98fa2,Arison,ESG image editing (2h) - 2.25h,2.25,2,2022-05 → 2023-02,10,yes,
88b3c761-a94c-4126-b576-ec95261b1d96,Nextage,Logo design (20h) - 24.25h,24.25,20,2021-04 → 2022-04,13,yes,
555f9985-b124-4598-90f6-6631bea861e2,Nextage,Home page design + visual language develop (50h) - 40.25h,40.25,50,2021-04 → 2022-04,13,yes,
d5d0ef64-4588-4e40-be60-3e053e3aabaf,Nextage,Mobile adjustments (65h) - 65.25h,65.25,65,2021-04 → 2022-04,13,yes,
b25c6a65-824b-47cf-ba58-39f5e98f2865,Nextage,404 + Legal pages (4h) - 1.25h,1.25,4,2021-04 → 2023-08,29,yes,budget-vs-actual-far
49a2eb73-264a-4c0b-bcc2-f4286e3e1b4c,Nextage,About page (20h) - 25.5h,25.5,20,2021-04 → 2022-04,13,yes,
21175b8a-028d-47a3-aa5a-91fb0098c6fb,Nextage,Services lobby page + Service template page (26h) - 30h,30,26,2021-04 → 2022-04,13,yes,
a9b95355-a52f-4e8e-8cd6-a83156f7abe6,Nextage,Portfolio page (10h) -8.5h,8.5,10,2021-04 → 2022-04,13,yes,
1c0c4131-53b1-42f1-b0e4-b1dde2640311,Nextage,Case Study page (6h) - 6h,6,6,2021-04 → 2022-04,13,yes,
7b3732d3-84d8-40b7-97ec-a71ff6163f20,Nextage,News lobby page (12h) - 8.5h,8.5,12,2021-04 → 2022-04,13,yes,
e268d37d-ac34-420c-bd1a-946d16652df8,Nextage,Website inspirations (8h) - 10.5h,10.5,8,2021-04 → 2022-04,13,yes,
d0ff3904-523c-4fdb-b331-644429444110,Nextage,Visual concepts - References (13h) - 11.5h,11.5,13,2021-04 → 2022-04,13,yes,
3563ea1b-2065-41de-b490-2900fb08dc91,Nextage,Visual concepts - sketches (13h) - 13h,13,13,2021-04 → 2022-04,13,yes,
d6783f02-f9b7-4e71-8dc8-503aa6ca5ab0,Nextage,UX & Wireframes (36h) - 51.25h,51.25,36,2021-04 → 2022-04,13,yes,
d1c9232f-6747-41ce-bf66-0335284442e1,Nextage,Global Animation (14h) - 15h,15,14,2021-04 → 2022-04,13,yes,
e1673b76-ce0d-4437-8b53-d444cb045ce5,Nextage,Styleguide (8h) - 23.75h,23.75,8,2021-04 → 2022-04,13,yes,
2009a545-0e52-4173-b473-d7c6cbccaaf8,Nextage,Team Page (10h) - 8.25 h,8.25,10,2021-08 → 2022-04,9,yes,
675d49ac-ed41-45f2-899b-593d3c884fb0,Nextage,Nextage global page (12h) - 12.25h,12.25,12,2021-08 → 2022-04,9,yes,
f2d09871-6db4-41ff-81eb-fe2e62e3aafc,Nextage,Cerca pertners page (6h) - 10.5h,10.5,6,2021-08 → 2022-04,9,yes,
5c2ad631-42eb-44be-8898-5b19098c12c2,Nextage,Careers page (24h) - 16h,16,24,2021-08 → 2023-08,25,yes,
57f84b90-9d30-4c61-84d6-59195278dc27,Nextage,Inner career page (6h) - 6h,6,6,2021-08 → 2022-04,9,yes,
59b4ca02-2f2a-4645-af57-855ef534a684,Nextage,Post page (5h) -9.25h,9.25,5,2021-08 → 2022-04,9,yes,
a1c9826c-ea2a-403e-9566-295bc3f0691b,Nextage,Contact us page (6h) - 11.5h,11.5,6,2021-08 → 2022-04,9,yes,
ba2ef89a-78b3-483b-9bef-d8eafabbe3d3,Nextage,Inner team popup (5h) - 5.25h,5.25,5,2021-08 → 2022-04,9,yes,
97cff313-a9f9-49a6-a902-51f051b41ebb,Nextage,6 global icons (10h) - 6.25h,6.25,10,2021-08 → 2022-04,9,yes,
6f324bfd-be6a-4545-a18b-88f070adbc13,Nextage,6 Services icons (8h-10h) - 5h,5,10,2021-08 → 2022-04,9,yes,budget-multi
95be2da3-df1c-4983-b3d6-7cd70b29aa27,Nextage,Brief for website photos (4-5h) - 5h,5,5,2021-12 → 2022-04,5,yes,budget-range
f59596cf-599b-4add-aada-3b120a348ef3,Nextage,Email signature + animation (4-6h + 2h) - 9.75h,9.75,12,2021-12 → 2022-04,5,yes,budget-sum
b98737c1-0f85-4557-88de-de7906a4cc19,Nextage,Client Onboarding (6h) - 6.25h,6.25,6,2021-12 → 2022-04,5,yes,
8263b838-0e19-4a01-a927-c46f36d6142a,Nextage,Logo CMYK - (1h) - 1.5h,1.5,1,2022-01 → 2022-04,4,yes,
4724c27b-9596-4106-b513-5ea3ee7ded07,Nextage,QA - 32h,32,,2022-02 → 2023-02,13,yes,
b72644a6-0ba8-4c66-b245-a226f72d8777,Nextage,Mail signature - 0.5h,0.5,,2022-05 → 2023-08,16,yes,
a373483c-1d00-40f4-954a-a72ba1c01c62,Nextage,Website images - 19h,19,,2022-05 → 2023-08,16,yes,
a8d01a1b-4898-44a5-851a-06425f1ad776,Nextage,Nextage US entity ppt- 2 slides (6h) - 6h,6,6,2021-12 → 2022-04,5,yes,
04cbd2d3-ab1b-4080-85b2-33c2c74e107d,Nextage,Knowledge center (18h) - 18h,18,18,2022-01 → 2022-04,4,yes,
eba8e636-e0c3-4731-afec-ee5ee0f82a08,Nextage,Linkedin cover (1h) - 1h,1,1,2022-02 → 2022-04,3,yes,
e7063361-2fd3-411e-bdae-fb24664a0bb0,Nextage,CFO images (12h) - 8.5h,8.5,12,2022-06 → 2023-04,11,yes,
621df0e7-fd8b-4b94-b5c3-01db225eb825,Nextage,QA July 2022 - 13.75h,13.75,,2022-07 → 2023-04,10,yes,
c7affd62-3363-4334-aff6-0bee330f346f,Nextage,Editing additional CFO image for website - 2h,2,,2022-09 → 2023-04,8,yes,
5b837203-77f8-4224-a4a4-85cca7e9c2c7,Nextage,Logo editing for homepage -1h,1,,2022-08 → 2023-08,13,yes,
de742744-1cab-4629-85cf-d1104423aa34,Nextage,Section VP FINANCE (2-3h) - 1.5h,1.5,3,2022-09 → 2023-04,8,yes,budget-range
c026f9c5-1319-4396-b338-b8f3e8d1f6bb,Nextage,Home Page hero section photo adjustment - 0.5h,0.5,,2022-09 → 2023-04,8,yes,
1a59c6c4-51b9-404d-8666-2eba68a73889,Nextage,Testimonials gallery - 2h,2,,2022-07 → 2023-04,10,yes,
2fd9c86e-d468-449b-96bc-7b8910d09d10,Navina,Product video - 35.75h,35.75,,2022-09 → 2023-08,12,yes,
62f4f1d2-74cf-4256-b507-87926bbd7745,Navina,Clinical Demo Video - 20h,20,,2022-10 → 2023-08,11,yes,
373a53ea-224a-4b00-bd32-c9578094113d,Stigg,Before & After Developer Animation - 15.5h,15.5,,2022-03 → 2023-08,18,yes,
d5e26cd5-f1b3-40ef-a2a2-5c637a0a41b6,Stigg,UXUi consult - 2h,2,,2022-03 → 2023-08,18,yes,
e8f4bfe9-b8f6-4c70-b576-d8965a12ce07,Astrix,QA - 7h,7,,2022-01 → 2024-05,29,yes,
9055cd08-81e4-44f6-9dc1-fd740a094cde,Astrix,One pager - 20h,20,,2022-02 → 2024-05,28,yes,
905907fc-871d-48bd-899c-8879a7cf5071,Astrix,PPT - 9h,9,,2022-02 → 2023-02,13,yes,
315a8491-100f-4b58-95d4-bdc0173c2e60,Astrix,Full brandbook - 8.75h,8.75,,2022-03 → 2023-02,12,yes,
9f394ca3-dba8-474f-9b92-50d2ae22b886,Astrix,Email signature  - 2h,2,,2022-05 → 2024-05,25,yes,
7abd8db7-8bce-40b9-a673-f4b275b62b09,Astrix,Exporting animation -3.5h,3.5,,2022-05 → 2024-05,25,yes,
2d2b094e-85d2-49a1-a28b-1fea014ee354,Nominal,Kickoff meeting (2h) - 2h,2,2,2022-02 → 2023-02,13,yes,
b7e79ba1-84ba-4bef-8033-282015d17598,Nominal,Brand concepts (16h) - 16.25h,16.25,16,2022-02 → 2023-03,14,yes,
4f83ed01-1d48-4e20-a4ec-5b3685ad5e77,Nominal,Visual concepts (18h) - 17.75h,17.75,18,2022-02 → 2023-03,14,yes,
8deb4e10-402b-46f8-8c9f-94640a12e9b3,Nominal,Logo sketches & design (44h) - 58.25h,58.25,44,2022-02 → 2023-03,14,yes,
f5d0a4c9-9279-4e58-b3e8-51b90040cb41,Nominal,Presentation - 75.25h,75.25,,2022-02 → 2023-03,14,yes,
6d6728e9-cce4-4dc5-b19c-14f61b1a6be9,Nominal,Product - 149.25h,149.25,,2022-02 → 2023-03,14,yes,
f082d6d7-4e6f-496d-ae3f-65543b8a2361,Nominal,Names - 4.75h,4.75,,2022-02 → 2023-02,13,yes,
d165d64a-7125-431b-acf4-395261b904a1,Nominal,Homepage (20.66h) - 28h,28,20.66,2023-10 → 2024-03,6,yes,
31e6c1db-9646-4ef4-b1f6-bc9bfd730df5,Nominal,Blog additions (2h)- 2h,2,2,2024-01 → 2024-03,3,yes,
2c7eecb1-2ca3-4fea-a4a6-00449634434e,Nominal,Home page what we do section (13h) - 13h,13,13,2024-02 → 2024-05,4,yes,
f5f3aacf-f7db-4e12-b844-005de7d4692f,Nominal,Solutions Page (5h) - 5h,5,5,2024-03 → 2024-05,3,yes,
4795f6bb-23b9-4f69-8085-cba55dd94b24,Collabria,Temporary task - 46.5h,46.5,,2022-06 → 2022-07,2,yes,
77975a56-ec2d-4cdd-b28f-ccf672c742fc,Collabria,Blog post illustration - 18h,18,,2022-09 → 2022-10,2,yes,
3edeac64-9827-41a0-ae37-c1fa8d03c6a3,Barbahar,menu 2017- 3h,3,,2016-12 → 2017-02,3,yes,
97dd5926-1fe5-4b97-af4d-3533ff5d349e,Barbahar,תפריט פסח- 3.5,3.5,,2017-03 → 2017-05,3,no,
d809bfd6-17ad-40e1-9ac4-88771dbc1da6,Barbahar,wanted - 6.5 hrs,6.5,,2017-06 → 2017-06,1,yes,
21c1927b-cbb5-4576-b7bc-a88047fc5126,Barbahar,menu - 12h,12,,2017-08 → 2018-07,12,yes,
c8d94fa0-4e93-4af2-b06a-1ed58e1d16ae,Barbahar,poster- pizza- 0.5,0.5,,2017-10 → 2017-11,2,no,
383c4132-f0d8-44d4-a114-e39d1a527a08,Barbahar,delivery- 0.5h,0.5,,2018-01 → 2018-07,7,yes,
ccd5da6c-0d70-40d5-8c07-34d404237f28,Barbahar,English Menu - 7.5hr,7.5,,2018-03 → 2018-03,1,yes,
62ee253d-81da-4be6-aff8-43ef2e86ee75,Barbahar,Pesach Menu - 3.5h,3.5,,2018-03 → 2018-03,1,yes,
364bc500-8ba5-40b2-a8fb-d68ab2b953a8,Barbahar,shimshiya - 0.5h,0.5,,2018-03 → 2018-03,1,yes,
936d1d0b-ae78-4b02-a1de-e03e7f7cfdf0,Barbahar,Summer menu poster- 2h,2,,2018-06 → 2018-06,1,yes,
6d210125-1e50-4f84-8083-df8861636fd3,Barbahar,Newspaper Ad#2 -2.5hrs ,2.5,,2018-06 → 2018-06,1,yes,
f65cfe30-1e3d-4649-b2c2-aee932979587,Barbahar,Summer menu 24.6 - 5.5hr,5.5,,2018-06 → 2018-12,7,yes,
099351c8-4bab-4fd9-bc4b-258022966c98,Barbahar,menu tabun illustration- 0.5h,0.5,,2018-06 → 2018-06,1,yes,
9624c669-9569-48c7-8451-be5a8b80132e,Barbahar, Delivery menu - 7.5h,7.5,,2018-12 → 2019-01,2,yes,
3ade01d2-dac4-40ae-9699-dabd28a3336d,Barbahar,Pesach Menu 2019 - 2h,2,,2019-03 → 2019-04,2,yes,
43183055-0dbc-43ab-b230-480966a1193f,Barbahar,Main menu changes - 0.75h,0.75,,2019-03 → 2019-04,2,yes,
536a0fba-62a7-4df0-85fb-5363b8b9c239,Barbahar,Take away cups - 0.25h,0.25,,2019-03 → 2019-04,2,yes,
77079553-bcf8-472e-8647-7fb577df12e7,Barbahar,Group Menu - 4 h ,4,,2019-07 → 2019-09,3,yes,
0e70c09c-2bdd-4a66-9162-5542daf06291,Barbahar,facebook ad - 4.25 h,4.25,,2019-08 → 2019-09,2,yes,
2952ff81-5605-4c92-ad59-fce7e832baee,Barbahar,English menu update - 0.25h,0.25,,2019-09 → 2019-09,1,yes,
d9258bd5-b527-4d6f-9ec4-cf04383bad49,Barbahar,Dessert menu - 1h,1,,2019-09 → 2019-09,1,yes,
35a9cf37-60c2-465b-bd59-911873f02c3d,Barbahar,Cocktail napkin -1.5,1.5,,2020-01 → 2020-01,1,no,
cfd7696b-b58b-4bbc-9046-15a60afb2aa1,Barbahar,Menu update - 11.5h,11.5,,2019-05 → 2020-01,9,yes,
908bb38a-a50e-49cb-96ec-e97de8786d91,Barbahar,תפריט באנגלית 4.5h,4.5,,2017-01 → 2017-02,2,yes,
0df8fef3-4084-49d4-af3b-d8067ba4673b,Barbahar,חותמת - 2,2,,2017-02 → 2017-03,2,no,
69f6e90f-46ea-40d5-9ad3-8941e56ae373,Barbahar,סהכ פברואר לתשלום - 16,16,,2017-02 → 2017-02,1,no,
67bd2cd8-5ee3-4cf4-98de-7e2daf28d427,Barbahar,Winter menu - 5 h ,5,,2018-11 → 2018-12,2,yes,
ba1e3662-c819-48f0-a863-1d11ed8c6bfb,Barbahar,English winter menu - 3.75 h,3.75,,2018-12 → 2018-12,1,yes,
96bc1925-f95c-4b04-ab6b-dd5f85192c41,Barbahar,Digital order screen assets - 5.5h,5.5,,2020-05 → 2020-06,2,yes,
6945ac5a-dbc3-4109-8eef-76378a7283be,Barbahar,menu June 2020 - 5h,5,,2020-06 → 2020-08,3,yes,
93e6a5d6-e8d8-4660-98b2-d45efd6e41f7,Barbahar,3 icons - 0.25h,0.25,,2020-08 → 2020-08,1,yes,
dee8ea68-9caa-493c-a8d8-f6127149a344,Barbahar,מדבקות למוצרים בצנצנות או קופסאות פלסטיק - 2.5h,2.5,,2021-02 → 2021-07,6,yes,
086d07c9-262d-4086-9873-e670d2a1d300,Barbahar,מדבקה למרכז/ צד קרטון מארז פיקניק -7h,7,,2021-02 → 2021-07,6,yes,
a774f86e-0fcd-4f39-8911-caeda83f7753,Barbahar,שלטים תלויים במסעדה להזמנה אונליין ואיסוף - 1.25H,1.25,,2021-02 → 2021-07,6,yes,
93af4c76-ca2c-4fa9-84a5-a36d8dff3d01,Barbahar,Gift card - 2.5,2.5,,2021-02 → 2021-07,6,no,
7d9f9c67-f624-4486-8546-79291e03ae96,Barbahar,Pantone color for a napkin - 1h,1,,2022-02 → 2022-04,3,yes,
3e8f8231-dad3-444b-8a6a-69f13b2886d6,Barbahar,Barcode sign - 0.25h,0.25,,2022-05 → 2023-08,16,yes,
3cbf504c-231b-4301-9dad-bad669a907f4,Barbahar,QR code update - 1.25h,1.25,,2022-07 → 2023-08,14,yes,
b3c5b295-920b-47b5-be3d-6aea7e4faf34,Barbahar,פלייר עם קוד QR - 2.5h,2.5,,2021-07 → 2021-07,1,yes,
66ffe75f-b15f-4911-aa5f-13a11c40bc5d,OFFF tlv,off mobile app - 11.5hrs,11.5,,2018-06 → 2021-07,38,yes,
8350f45e-1ee8-4c8b-807e-b5e40dc7817b,OFFF tlv,offf website 2018 - 67.25hrs,67.25,,2018-04 → 2021-07,40,yes,
f9347509-c2d8-4ac6-a306-eec8c4b0e068,OFFF tlv,Offf 2022 Promo - 5.25h,5.25,,2022-05 → 2023-03,11,yes,
1883cfe2-e856-4e25-a14c-8f204413b751,OFFF tlv,OFFF Neon sign - 3.5h,3.5,,2022-07 → 2023-03,9,yes,
3171fa3a-422d-433b-8d62-c84e185309ee,OFFF tlv,OFFF TV Sequence - 3h,3,,2022-09 → 2023-03,7,yes,
fdefc4f0-6126-46ea-b0c9-e5f0721a0897,OFFF tlv,Offf after/before session - 3h,3,,2022-09 → 2023-03,7,yes,
43601864-5543-42dc-94ad-7debb24113d1,OFFF tlv,Offf TLV video - 3.75h,3.75,,2022-10 → 2023-03,6,yes,
0b292955-628f-49c8-a9e4-304c452ed68f,Baseline,3 Match Mode Illustrations (30) - 30h,30,30,2021-05 → 2021-06,2,yes,
38887635-7989-443a-9f60-253f753cbf6a,Baseline,Quick Access - 15h,15,,2021-08 → 2021-10,3,yes,
6e2e0388-b31f-4308-a746-155383c39566,Baseline,Speed and Strikes Icons - 2h,2,,2021-08 → 2021-10,3,yes,
3534c2e3-745a-4ddb-bad6-51dd17444bbb,Baseline,countdown post - 5h,5,,2021-11 → 2022-04,6,yes,
f8d2b98f-6b17-4af4-a2e8-05d0df8c1d3f,Baseline,wix update -12h,12,,2021-11 → 2021-11,1,yes,
cf2331a0-a03b-4f5f-a519-bcf8fc3519fe,Baseline,One Pager 2021- Update -1h,1,,2021-11 → 2022-04,6,yes,
0ddc5bad-bf28-4f1d-805f-b3c4c9812d80,Baseline,Updated match screen - 0.75,0.75,,2021-11 → 2022-04,6,no,
4bdb1059-8910-4494-b1b6-b089a79c37b5,Baseline,Court dimension update - 0.25h,0.25,,2021-12 → 2022-04,5,yes,
ac13988a-445e-4545-ac3d-6182b6f93e67,Baseline,Instructional Video (16-24h) - 16.5h,16.5,24,2022-06 → 2022-09,4,yes,budget-range
b914f20c-f357-4b2f-a9a8-28b731bfab96,Baseline,Volume screen - 8.5h,8.5,,2022-08 → 2022-11,4,yes,
22cf4d73-415f-4e0a-819f-d98b15f33d84,Baseline,Leaderboards screen - 8h,8,,2022-08 → 2022-11,4,yes,
a63fecfa-b60f-4a1a-bc89-94ccb09ba74c,Baseline,One Pager - Vision Customer (24-28+6) - 34h,34,58,2021-10 → 2021-11,2,yes,budget-sum
0bc5255c-cd19-4cd8-900a-9bcb895f7519,Baseline,Wix update (20) - 20h,20,20,2021-10 → 2021-11,2,yes,
3a5bb22a-81eb-4ad0-8770-2f7d0fa48277,Baseline,Investors Presentation - 25.5 hr,25.5,,2021-12 → 2022-04,5,yes,
dfcac9f6-0f5a-4b9c-9fe8-a6ac16aed9b3,Baseline,Popup on homepage (1h) - 1h,1,1,2023-03 → 2023-08,6,yes,
ed48ca47-392b-48ca-9f90-bb9bec0103cb,Baseline,New coupon code popup (0.5h) - 0.5,0.5,0.5,2023-03 → 2023-08,6,yes,
8cf5d444-2abe-45e7-91d3-976d0d921a64,Baseline,Homepage Popup (1.5h) - 1.5h,1.5,1.5,2023-04 → 2023-08,5,yes,
90e63a6a-3c9e-4410-8b6e-b40a5eed8dcb,Baseline,Coupons and Popup changes (1h) - 1h,1,1,2023-05 → 2023-08,4,yes,
5db20d2f-d3d3-439d-a942-cbbf83f7325f,Baseline,July 23 website changes (6-9h) - 9h,9,9,2023-07 → 2023-08,2,yes,budget-range
4ed109ee-ebbb-46d2-83b7-3af8e42f9cac,Baseline,Website Updates 3.9.21 (1h) - 1h,1,1,2023-09 → 2023-11,3,yes,
4040645e-68fc-4114-abc7-d2a88fa43a52,Baseline,Product page changes (2-3h) - 2h,2,3,2024-03 → 2024-05,3,yes,budget-range
df1b60c7-2b04-4b33-b4e2-04c46f9af2a2,Baseline,Website changes 13.8.21 (1.5h) - 1.5,1.5,1.5,2023-08 → 2023-11,4,yes,
25d252c3-1799-4fde-9f67-2f7b6b71c186,Baseline,Coaches popup (1.5h) - 2h,2,1.5,2023-10 → 2024-05,8,yes,
b7907609-e138-46c2-a6f2-ef5478d818c5,Autofleet,presentation - 38h,38,,2018-03 → 2018-03,1,yes,
73a7ca67-b1a2-42b9-8b5b-a15e3c5b4101,Autofleet,website - 61.5 hrs,61.5,,2018-03 → 2018-03,1,yes,
5a8d4055-d800-41f6-a051-eb53c1dd2272,Autofleet,icon and illustration- 27h,27,,2018-03 → 2018-03,1,yes,
4a8de5e0-12b4-4b9d-aef1-0d448aeba5e3,Autofleet,website wix - 52.5,52.5,,2018-04 → 2018-04,1,no,
db3089f6-f921-47bb-810d-e72843c5e9b2,Autofleet,Driver App (15hrs) - UX - 15h,15,15,2018-04 → 2018-04,1,yes,
6a247e4c-1176-4cd9-a056-e4c38f77b2a9,Autofleet,Driver App (30hrs)- UI - 47.5hr,47.5,30,2018-04 → 2018-04,1,yes,
49484634-186f-4617-b50c-0e723c0520b1,Autofleet,Driver App (8 hrs)- Production - 4.5h,4.5,8,2018-04 → 2018-04,1,yes,
dc097f93-4a76-49de-b057-d5b5596c7f17,Autofleet,onboarding (9) - 13h,13,9,2018-04 → 2018-04,1,yes,
a8b3d4df-eb53-4300-ba8b-8e241378e295,Autofleet,dashboard (3) - 10h,10,3,2018-04 → 2018-04,1,yes,budget-vs-actual-far
1f76e009-17e7-4d76-816c-2bfd86d318d0,Autofleet,pre-shift (4) - 6.5h,6.5,4,2018-04 → 2018-04,1,yes,
1e9eeb57-199f-41c2-bc3a-e5649b1e938e,Autofleet,shift (6) - 4,4,6,2018-04 → 2018-04,1,no,
ed956e7f-faff-4595-b579-bb3ec8dc7c2a,Autofleet,report (3) - 3.5h,3.5,3,2018-04 → 2018-04,1,yes,
2484f5e3-c9fc-4c6c-8441-0bab8acb264a,Autofleet,report illustrations (4) - 4h,4,4,2018-04 → 2018-04,1,yes,
dc4e5b13-8be1-40c3-9df3-d4f8f30ba4f9,Autofleet,app illustration-3h,3,,2018-04 → 2018-04,1,yes,
cafdacf2-bf62-4efa-8d4f-badb3009498c,Autofleet,animation for locomotion - 0.5hrs,0.5,,2018-05 → 2018-05,1,yes,
d337e23c-c5d4-474e-866e-0bab7000724c,Autofleet,loader animation- 1 hr,1,,2018-05 → 2018-05,1,yes,
d40014f7-c717-4ab9-a421-6cdc16cda819,Autofleet,Sticker - 0.25h,0.25,,2018-05 → 2018-05,1,yes,
a277d8d1-555c-4c4b-b7ac-ca65037b8296,Autofleet,Air Freshner - 1h,1,,2018-05 → 2018-05,1,yes,
067a22da-af10-49af-b3d5-a1612e38bbcf,Autofleet,Dashboard (88hr from client) - 91,91,88,2018-06 → 2018-06,1,yes,
3f5003ca-df33-4abd-a684-080ff66632a9,Autofleet,Disaibled Button On Driver App - 0.5hr,0.5,,2018-07 → 2018-07,1,yes,
a111dd20-9238-4439-9b10-ed71c65a7b7b,Autofleet,Avis Presentation (16 Hours from client) - 7.75h,7.75,16,2018-07 → 2018-07,1,yes,
6583a836-3f2a-4eda-97a9-6300baf88442,Autofleet,edit driver - managment - 1.5 hr,1.5,,2018-07 → 2018-07,1,yes,
c801458e-37d3-416f-83b9-0ca5adfcee62,Autofleet,No data - Gauges - 0.5,0.5,,2018-08 → 2018-08,1,no,
6dfcfd89-3036-4b42-8d1c-69c81f2c7064,Autofleet,Car avatars - 1,1,,2018-08 → 2018-08,1,no,
41ee8baf-aab9-4eb1-aeef-602ca53c853b,Autofleet,Phone call meeting - 0.5,0.5,,2018-09 → 2018-09,1,no,
92d363fb-4b33-4fbe-83be-74187306b381,Autofleet,3 More Business Cards - 0.5h,0.5,,2018-10 → 2018-10,1,yes,
6ce6178c-6e54-43fa-b801-2833e58f5bce,Autofleet,Gauges - 4hr,4,,2018-09 → 2018-09,1,yes,
7370207a-ecfe-43d6-9123-d50bf2f22068,Autofleet,CES booth design - 6,6,,2018-10 → 2018-10,1,no,
7cc55694-146c-4831-a787-86c564d916b7,Autofleet,Report screen - 10hrs,10,,2018-11 → 2018-11,1,yes,
6e1d44c1-3436-4e15-a464-ecd3f21b36f1,Autofleet,B.card for Adam - 0.5h,0.5,,2018-12 → 2018-12,1,yes,
f0e75c4e-db1a-4c04-81eb-d402a6eabce5,Autofleet,Reports - 26h,26,,2018-12 → 2018-12,1,yes,
67ae2e7e-1013-4b1f-aa71-0f3c5862a250,Autofleet,Time sensitive report - 1.5h,1.5,,2019-01 → 2019-01,1,yes,
c2c49bfd-f8f6-49ab-acb7-71778381c3d2,Autofleet,Booth design - 2h,2,,2019-01 → 2019-01,1,yes,
47b4a413-56c1-4e7e-9964-eaa81b572021,Autofleet,B. card for Zohar - 0.25h,0.25,,2019-02 → 2019-02,1,yes,
58ed3e8f-34b5-4a25-b449-cc2657413f01,Autofleet,Header Illustration & Animation (54)- 59.5 h ,59.5,54,2020-03 → 2020-04,2,yes,
41a26205-44df-4b31-abe0-518429b94bf8,Autofleet,Solution Icons (10) - 10h ,10,10,2020-03 → 2020-04,2,yes,
266eb241-b791-432c-bdc2-d31a418d2ace,Autofleet,Our Partners (2) - 2h,2,2,2020-03 → 2020-04,2,yes,
2b3ef94a-9285-433f-a2ad-9520cf578af9,Autofleet,How It Works (16) - 15.75h,15.75,16,2020-03 → 2020-04,2,yes,
a9d9a0c5-5f36-4621-8c95-2a997f3c3d68,Autofleet,Covid 19 Section & Notification (4) - 4h,4,4,2020-03 → 2020-04,2,yes,
bb16528b-69a9-40bb-8235-e6a543fb127a,Autofleet,Contact Section & Popup (4) - 4h,4,4,2020-03 → 2020-04,2,yes,
6de9e52b-f7b6-4c02-b359-45daff31ee6d,Autofleet,Mobile adaption - 3.25h,3.25,,2020-04 → 2020-04,1,yes,
237c3365-b574-454b-9429-a3f9fedf904f,Autofleet,General fixes - 0h,0,,2020-04 → 2020-04,1,yes,
fd919875-92bd-48f5-bfba-173bef0f2ab5,Autofleet,Header forms - 0.75h,0.75,,2020-04 → 2020-04,1,yes,
ae80665e-c78f-4faf-9327-0242a04c631f,Autofleet,Wix Home page update (12-15) - 16.25h,16.25,15,2020-04 → 2020-04,1,yes,budget-range
3b457cb7-8c97-474f-b42d-f52c7e316bb7,Autofleet,Driver App - Package Drilldown - 18h,18,,2020-04 → 2020-05,2,yes,
2b2d5e5c-094a-434a-9f70-94fbf011b089,Autofleet,Delivery Facebook Campaign (12) - 11.5h,11.5,12,2020-05 → 2020-05,1,yes,
b1a1e45c-86c1-43ba-9894-0ebe9618fb43,Autofleet,3d Vehicles Icons (60+5) - 66.75h,66.75,65,2020-06 → 2020-07,2,yes,budget-sum
49c72f8b-06f9-411d-8929-fb44768caa14,Autofleet,Toolbox Illustrations & Icons - 5.5h,5.5,,2020-08 → 2020-09,2,yes,
4b020eac-fcfd-4443-b162-905e65b53018,Autofleet,Driver App Stop Point Info Redesign (12-18) - 17.5h,17.5,18,2020-09 → 2020-10,2,yes,budget-range
220788e2-4706-42dc-96f6-b9751d3d4ca3,Autofleet,3D Bicycle & Scooter (24) - 20h,20,24,2020-10 → 2020-11,2,yes,
09b76be2-194a-4b73-9566-3d9166ecc8c6,Autofleet,Tool Tip Design Update - 2h,2,,2020-11 → 2020-11,1,yes,
aa9f5bc1-8a57-442e-8734-72ceaa84e1f1,Autofleet,Dashboard New Screens - Leasing (24) - 17h,17,24,2020-11 → 2020-12,2,yes,
bda4a752-ed94-4a45-8429-a6b6cfc51d23,Autofleet,Driver App - Ride Details (4-6) - 5.5h,5.5,6,2021-01 → 2021-01,1,yes,budget-range
b86dc977-c831-4dd7-ac1e-49ee40fa787d,Autofleet,Vehicle on map icon (3) - 2.25h,2.25,3,2021-02 → 2021-03,2,yes,
9e7efd89-30da-44a0-9cd8-a6c4b4a6bf5e,Autofleet,Fuel icon for driver's app - 1h,1,,2021-03 → 2021-04,2,yes,
94eef484-7965-4352-b3ae-9747f374d35a,Autofleet,Quote update -0.75h,0.75,,2021-03 → 2021-04,2,yes,
8baf879d-6324-4db3-9610-b4ffe4aee6c3,Autofleet,Product Settings Screen (14-18) - 17.5h,17.5,18,2021-03 → 2021-04,2,yes,budget-range
a2bc04d7-cbc0-480b-9dee-6a0911d3b961,Autofleet,Exporting asset - 0.25h,0.25,,2021-04 → 2021-04,1,yes,
8e32752f-1c0f-472f-a6c9-a5d340080532,Autofleet,Indonesian partnership - 2.75h,2.75,,2021-04 → 2021-04,1,yes,
426b3a88-a4b3-4b51-8028-c10272c88505,Autofleet,New Page for Website - EV (90) - 58h,58,90,2021-04 → 2021-06,3,yes,
e30467f2-12cb-47db-9af6-3ccffd9b2e50,Autofleet,New Page for Website - VaaS (60) -47.75h,47.75,60,2021-04 → 2021-06,3,yes,
41915710-0bdb-4806-811b-3ffc443fe2d5,Autofleet,Export & QA (20) - 2h,2,20,2021-04 → 2021-06,3,yes,budget-vs-actual-far
1ae42b57-3376-4a64-8319-04563678ca73,Autofleet,Update for Presentation (0.5) - 0.5,0.5,0.5,2021-04 → 2021-05,2,no,
8450a14d-8c4b-4acc-afe5-876227e1492b,Autofleet,Business card - Tal - 1.25h,1.25,,2021-05 → 2021-06,2,yes,
a46ac36c-a52b-45cf-8375-6ded89251530,Autofleet,New feature for Control Center - 24.25h,24.25,,2021-05 → 2021-08,4,yes,
092445a7-0a8c-46a3-b4b9-78ae7bf9d1f1,Autofleet,T-shirt (4h)-4h,4,4,2021-07 → 2021-08,2,yes,
b66fb0bc-11e4-4369-9aef-bbdfc51d8787,Autofleet,Passenger Web App (26-32) - 31h,31,32,2021-08 → 2021-08,1,yes,budget-range
beaee26d-3bc1-46b6-9ff0-f5a5be0ade1c,Autofleet,Booth Move - 16.5h ,16.5,,2021-10 → 2021-11,2,yes,
1f0a8a4e-edcd-4f66-815e-5d7e2306e160,Autofleet,Business card - 0.5h,0.5,,2021-10 → 2021-11,2,yes,
5f7e0e90-9925-4d7f-a3fa-8a1f2b7d2ad8,Autofleet,Raising post -6.5h,6.5,,2021-10 → 2021-11,2,yes,
b6d35ddb-585f-407e-bfe5-5e6f9a188471,Autofleet,Ride tracker feature - 16h,16,,2021-10 → 2021-11,2,yes,
e9fbe8b5-d4ce-4acd-985b-808553330d88,Autofleet,AutoFleet CES Booth - 4h,4,,2021-11 → 2022-04,6,yes,
519076cc-dea7-493f-a4ec-89584c1ecd9b,Autofleet,Shuttle 3D car (14-16)  - 15 hrs,15,16,2021-11 → 2022-04,6,yes,budget-range
33c5afe6-3c90-44f2-b5f3-d790e1bf1cb3,Autofleet,Purchase of model - 1.5h ,1.5,,2021-11 → 2022-04,6,yes,
b4d6ebb9-3d57-4edd-b6d1-cc31bedc8ac8,Autofleet,Simulator Wizard (26-30) - 23.5h,23.5,30,2021-12 → 2022-04,5,yes,budget-range
bcac6ad6-39b6-4451-97fb-701aa1bc7371,Autofleet,New employees post design (6) - 6.25h,6.25,6,2021-12 → 2022-04,5,yes,
ebc4b652-c7ef-400e-a6b5-e3af3021afaf,Autofleet,New employees post implementation - 1h,1,,2022-01 → 2022-04,4,yes,
03430580-b0db-4da7-9c69-edee5078ceb1,Autofleet,Conference booth 2022 -0.5h,0.5,,2022-01 → 2022-04,4,yes,
2ce82cad-5ba5-450b-8d13-4f71312a2ba3,Autofleet,Notebook design (6-10h) - 7h,7,10,2022-02 → 2022-04,3,yes,budget-range
1676ba2a-ad3c-4986-a025-c29be5ab57ce,Autofleet,Business cards implementation - 0.5h,0.5,,2022-02 → 2022-04,3,yes,
5b1692d8-332b-41c2-bb9a-0def234bb498,Autofleet,AF Stickers (15h + 2h) - 17h,17,17,2022-02 → 2022-04,3,yes,budget-sum
9f7068b0-d6fb-4d01-aa30-2a49c8630f09,Autofleet,Coloring book (54h) - 14h,14,54,2022-02 → 2022-04,3,yes,budget-vs-actual-far
53d2f51e-75a9-49b1-a018-9012a4c05faa,Autofleet,Website update - news - 1.5h,1.5,,2022-02 → 2022-04,3,yes,
7e39a6fe-6b42-42dc-9e1f-60922214df99,Autofleet,Website update - testimonials - 1h,1,,2022-02 → 2022-04,3,yes,
c975a104-42d0-461e-9fdc-15724da55d2e,Autofleet,Advanced search filters (8-16h) - 15.25,15.25,16,2022-02 → 2022-04,3,yes,budget-range
76227541-f848-4072-a400-499bbeec2ae9,Autofleet,Website form request - 1.5h,1.5,,2022-03 → 2022-04,2,yes,
59cb1908-f5f5-43bb-86c8-8ce4ae73fe1e,Autofleet,Autofleet One Pager (16h)- 7h,7,16,2022-03 → 2022-04,2,yes,
b1232ad3-10fc-40ca-90bf-78c551b8df55,Autofleet,CTA Top Bar Menu - 3.25h,3.25,,2022-03 → 2022-04,2,yes,
5fd01224-e864-4954-96f8-70a6b4e89bb3,Autofleet,Driver app ride history - 23.5h ,23.5,,2022-03 → 2022-04,2,yes,
fa75dad8-bf8c-4357-ae5f-30330bb22ec0,Autofleet,Autofleet wall stickers  - 10h,10,,2022-03 → 2022-04,2,yes,
570ea9fe-9d52-4c03-a3bd-96870e8e95c2,Autofleet,Raas page logo list - 0.75h,0.75,,2022-03 → 2022-04,2,yes,
8329fa98-5f62-4b8f-adcf-3d7d57c52e34,Autofleet,Wizard Simulation - Sales Update - 70.5h,70.5,,2022-04 → 2022-06,3,yes,
45ee2d3b-875a-49d2-b814-9dc5e0a5abac,Autofleet,Employee tag (2h) - 2.75h,2.75,2,2022-04 → 2022-05,2,yes,
615898eb-7662-43e8-8fcc-75ce41366932,Autofleet,Development website changes - 2.5h ,2.5,,2022-04 → 2022-05,2,yes,
fa6f286a-5aaa-44cf-95f5-51c6525518be,Autofleet,Office walls graphics - 3.5h,3.5,,2022-04 → 2022-05,2,yes,
7f72cdf0-283f-4dc8-852f-2e5f208baf9e,Autofleet,Move 22 Booth update -1.5h,1.5,,2022-04 → 2022-11,8,yes,
74e94cd1-3904-4b24-adc8-f47cd0f20844,Autofleet,New employees post design - 0h,0,,2022-04 → 2022-05,2,yes,
9b7a958b-729d-4ab2-91ee-82aada258e08,Autofleet,SUMC booth (4h-6h) - 6h,6,6,2022-04 → 2022-06,3,yes,budget-multi
db31453a-1630-4960-ade2-db5afefa7b8d,Autofleet,Website Miro - 1h,1,,2022-04 → 2022-05,2,yes,
49d72154-1910-4e75-8eb8-901ac4a6473f,Autofleet,Company cover image (3-5h) - 5h,5,5,2022-05 → 2022-06,2,yes,budget-range
acd5c82d-ad35-47ae-ac58-cdd49f286f2b,Autofleet,"""We Are Hiring"" post -  (4h) - 6.25h",6.25,4,2022-05 → 2022-06,2,yes,
0643eb30-098f-4d3f-bc29-44507a10dd6f,Autofleet,Passenger app - 170.25h,170.25,,2022-05 → 2022-11,7,yes,
52835ef8-0954-46ae-9923-c647bb8f5200,Autofleet,Email signature - 1h,1,,2022-05 → 2022-06,2,yes,
7af6ec1a-9afd-4e97-9889-938b0e7b1554,Autofleet,Taxi meeting - 2h,2,,2022-05 → 2022-05,1,yes,
542e9baa-ce70-483b-b0c8-451aa4a41f0b,Autofleet,Taxi landing page (130h) - 133.5h,133.5,130,2022-05 → 2022-09,5,yes,
207d71d6-5298-464e-876b-c295533a14c6,Autofleet,Scania Sales simulator - 25h,25,,2022-05 → 2022-07,3,yes,
98466a03-2270-4c7d-8949-584208cd3c34,Autofleet,Taxi one pager (8-12h) - 12h,12,12,2022-06 → 2022-09,4,yes,budget-range
e9fb5d7f-d600-4b5b-86ed-29d749443094,Autofleet,Google case study banner - 0.5h,0.5,,2022-06 → 2022-07,2,yes,
b88e80c5-6244-4767-9c0b-73c510ee5e1b,Autofleet,Welcome aboard post+ Business Card - 0.5h,0.5,,2022-06 → 2022-07,2,yes,
96d360a9-242c-4bd3-9ce8-4747fee700a9,Autofleet,Taxi Summit Booth - 16.5h,16.5,,2022-06 → 2022-09,4,yes,
e785c0e4-0ddf-4cfa-8973-23092f3a8259,Autofleet,Entrance sign for event (2h) - 2.25h,2.25,2,2022-06 → 2022-07,2,yes,
5d261ca5-1da8-4c88-8866-004996144ebc,Autofleet,Driver app - fixes - 60h,60,,2022-06 → 2022-09,4,yes,
b1f4a529-3ce9-4401-97a4-78dad558800d,Autofleet,Social Case study banner -4.25h,4.25,,2022-07 → 2022-09,3,yes,
84d75472-be52-48eb-b8ca-7614d154bb8b,Autofleet,New employee post + business card implementation - 0.5h,0.5,,2022-08 → 2022-11,4,yes,
ea8ced3f-e5e6-4b0c-a617-92e278ba7cb6,Autofleet,Autofleet move 22 booth (6-8h) - 7.5h,7.5,8,2022-08 → 2022-11,4,yes,budget-range
079f2087-1f2e-43a2-98b2-ae260794acd2,Autofleet,Sign for website launch (2h) - 2h,2,2,2022-08 → 2022-11,4,yes,
79fb7079-f38f-4c82-853e-7e143717af46,Autofleet,Tshirt (4h) - 2.25h,2.25,4,2022-08 → 2022-11,4,yes,
b4d1c57f-e599-4882-87f7-fcdf7f12ef14,Autofleet,About page (12h) -  12h,12,12,2022-08 → 2023-02,7,yes,
546ee3c1-4d62-44e2-8e87-25f25a8e8207,Autofleet,Duplicate of Business cards production  - 0.25h,0.25,,2022-08 → 2022-11,4,yes,
be8144ca-112b-4251-b023-0864840c162a,Autofleet,New employees post design - 0.5h,0.5,,2022-09 → 2022-11,3,yes,
d646b9d8-d1e4-4a3d-9a59-435b53843715,Autofleet,Business Cards - 0.5h,0.5,,2022-09 → 2022-11,3,yes,
64da3514-9f7c-42b8-b73b-2041f4cc8bad,Autofleet,Mobilize Booth - 9h,9,,2022-09 → 2022-11,3,yes,
26388f96-b0e8-48df-a502-a323725a734f,Autofleet,CEATEC posters - 2h,2,,2022-10 → 2022-11,2,yes,
7aa1d7e7-be89-4ead-88e4-571eb4816829,Autofleet,Onepager Update - 1.25h,1.25,,2022-10 → 2022-11,2,yes,
8177e7d8-1bc3-45f2-8e15-f0040b79032c,Autofleet,New employee post - 0.5h,0.5,,2022-10 → 2022-11,2,yes,
c2b6d1cd-97e3-493c-ab79-ee2c4aaea8aa,Autofleet,EV Brochure - 2.5h,2.5,,2022-10 → 2022-11,2,yes,
9a9edff8-f9eb-4e7f-bf74-90b31958def1,Autofleet,Email image design - 1.5h,1.5,,2022-10 → 2022-11,2,yes,
b6a0b3b1-0e0e-40fd-b44b-589a3438cdc4,Autofleet,Website phase 2 (86.33h) - 86.33h,86.33,86.33,2022-10 → 2023-02,5,yes,
2b197601-907b-4a02-bee7-406b58dc4c5a,Autofleet,Website Taxi + Extras (9h) - 9h,9,9,2022-10 → 2023-02,5,yes,
2c5bbb44-7024-490e-9e8a-775c199cef09,Autofleet,Email Blog Design (8h-12h) - 5.5h,5.5,12,2022-10 → 2022-12,3,yes,budget-multi
4ff9c01b-a4c2-44d9-93a2-f898f775a7f6,Autofleet,Newsletter Banner (2h) - 2h,2,2,2022-10 → 2022-11,2,yes,
19d14224-0d02-424a-a85a-c666e8a8666d,Autofleet,Assets exporting - 0h,0,,2022-11 → 2022-11,1,yes,
c7abbdec-f2a0-443c-8703-e568129fbfd4,Autofleet,Website speed check (1.5h) - 1.5h,1.5,1.5,2022-12 → 2023-02,3,yes,
7d178ef6-8ba9-4f18-a269-26a11d96b8fa,Autofleet,Google Tag Problem (2h) - 2h,2,2,2023-02 → 2023-08,7,yes,
eeb5d45f-07fc-4ca3-95dc-5f5367d69bc3,Mobileye Corporate,Post images 2h,2,,2017-09 → 2018-01,5,yes,
cb1cd329-2327-4cf7-912a-53b42c06a7a8,Mobileye Corporate,board presentation to intel - friday-monday 1-3.9 - 28 hrs,28,3.9,2017-09 → 2017-09,1,yes,budget-range budget-vs-actual-far
3a4c8da1-6dec-4aed-bd49-e8a898f79c1b,Mobileye Corporate,תעודת מתקין - 5.5,5.5,,2017-09 → 2017-10,2,no,
77e200d8-df1e-46f8-b7d7-4e6bd6363b98,Mobileye Corporate,landing page-13.25h,13.25,,2017-10 → 2018-01,4,yes,
03d0ec1b-a950-44bc-a457-6a3d17d61c6c,Mobileye Corporate,אנימציית פתיח וסגיר -13,13,,2017-10 → 2017-10,1,no,
0adde4d2-ffe9-4072-85ac-65540952a766,Mobileye Corporate,ad- 2.5h,2.5,,2017-10 → 2018-01,4,yes,
18274963-4c4a-4c95-964f-9ae70229efd5,Mobileye Corporate,work template- 4.5h,4.5,,2017-10 → 2018-01,4,yes,
b340462c-8da3-4b2d-b33b-8e0e3541858d,Mobileye Corporate,Roll Up - 6 HRS,6,,2017-10 → 2018-01,4,yes,
b0601768-1e17-4f28-9b32-7f06a18205e1,Mobileye Corporate,sales presentation to 3:4 - 4hrs,4,,2017-11 → 2018-01,3,yes,
4734fa30-fe3d-4a93-b335-c236c72cd21b,Mobileye Corporate,bus image for london - 2hrs,2,,2017-11 → 2018-01,3,yes,
e9673597-348a-4beb-9c01-94d0cb8949ed,Mobileye Corporate,Conference presentation - 24h,24,,2018-01 → 2018-01,1,yes,
a22fd1db-7c1c-48ed-8902-b380c9f405c1,Mobileye Corporate,Bus stickers for Singapore - 1.5h,1.5,,2018-01 → 2018-01,1,yes,
a66a17cc-664b-4038-9ba6-7857a827501e,Mobileye Corporate,TV Back drop Singapore - 4h,4,,2018-01 → 2018-01,1,yes,
0625e805-f3ca-4165-8eb8-a46cce7e5e3d,Mobileye Corporate,Chamber of Commerce presentation- 16h,16,,2018-01 → 2018-01,1,yes,
cbef41e6-f68a-429e-b39c-94a32ce83784,Mobileye Corporate,RSS Movie - Hebrew version- 2h,2,,2018-01 → 2018-04,4,yes,
b9acc617-f855-42f7-823d-a0815718a5b4,Mobileye Corporate,Shield Distributors polish version - 5.5 hr,5.5,,2018-02 → 2018-02,1,yes,
e3bb7ffc-f5c1-4ef4-b069-a015b851011f,Mobileye Corporate,Video Presentation - 4.5h,4.5,,2018-02 → 2018-03,2,yes,
94779549-69cb-45f0-ba3d-46b77b6de4c2,Mobileye Corporate,Video presentation#4 - 14h,14,,2018-05 → 2018-05,1,yes,
4e7e8322-5c92-4e42-9568-8f516f30ba06,Mobileye Corporate,Design for employees event - 22.5hr,22.5,,2018-03 → 2018-03,1,yes,
4aa9250c-49de-4787-9386-d8f6baddac52,Mobileye Corporate,Icons- 16h,16,,2018-03 → 2018-03,1,yes,
2cabd9f0-019d-4ccf-8f50-6d4a5062ea29,Mobileye Corporate,booth art work for Turkey 9 hr,9,,2018-04 → 2018-04,1,yes,
a5d104ba-9e7b-41e0-8c8e-6774680c49dd,Mobileye Corporate,Brochures translation to Swedish - 6h,6,,2018-04 → 2018-06,3,yes,
af0ff1db-2ef2-48c8-bad0-2b8dc49c6ed3,Mobileye Corporate,Roll up translation to Spanish - 5h,5,,2018-05 → 2018-06,2,yes,
97f325e9-ee54-4886-b6f5-45ddbafd33ba,Mobileye Corporate,Brochure translation to Spanish - 0.5h,0.5,,2018-05 → 2018-06,2,yes,
b2cecaed-0a82-475d-afb3-5a6661b6f017,Mobileye Corporate,Brochure translation to Danish - 5.5h,5.5,,2018-05 → 2018-06,2,yes,
8d9a2247-ef13-4b21-a197-05592ce35aa0,Mobileye Corporate,facebook movie 17 may - 6.5h,6.5,,2018-05 → 2018-05,1,yes,
97b4b2c5-cc6c-4305-8f56-12a2d7040628,Mobileye Corporate,Info graphic for social media - 8.75h,8.75,,2018-05 → 2018-06,2,yes,
a8b18d5f-3172-4bc2-a7f7-445c5ebbceb7,Mobileye Corporate,Aftermarket Movie (Shoshana) - 34.75h,34.75,,2018-05 → 2018-10,6,yes,
76451555-d713-4ae2-b8d4-e1593f5a2945,Mobileye Corporate,Pop-up booth translation to Spanish 2.25hrs,2.25,,2018-06 → 2018-06,1,yes,
b8598a08-d1e9-402d-a495-7f8ede249048,Mobileye Corporate,Brochure translation to finnish - 4h,4,,2018-06 → 2018-06,1,yes,
7468e9eb-35d6-43dc-b43d-7bc4e9c26dd6,Mobileye Corporate,Intercity highway image (Shoshana) 17 hrs,17,,2018-06 → 2018-07,2,yes,
5cb6edbc-a531-494e-97ca-e27da900ee2f,Mobileye Corporate,Costa rica Mobileye week (Latin America Region PO) - 14.25 hrs ,14.25,,2018-06 → 2018-06,1,yes,
d5a901de-63c5-40c1-a0a2-178ecfc677a0,Mobileye Corporate,RSS clip re-edit (Yael) - 15h,15,,2018-06 → 2018-06,1,yes,
1ae67cc6-28bd-4cb0-b99f-b9861bcbe040,Mobileye Corporate,Small videos blur edits (Tzahi) - 6hrs,6,,2018-06 → 2018-06,1,yes,
59a865c0-f597-41cd-85f5-9448fd6ef2a5,Mobileye Corporate,Testimonial Template - 3 h,3,,2018-06 → 2018-07,2,yes,
ab97dc15-8c47-49e2-b895-18d4958588af,Mobileye Corporate,Jobs website design (16 hours from client) - 16h ,16,16,2018-06 → 2019-04,11,yes,
04f995a3-02d4-4459-b4d2-b88c7e4185dd,Mobileye Corporate,Brochure translation to Greek - 13.25 h,13.25,,2018-07 → 2018-10,4,yes,
2ea90487-62e7-464d-8f52-0e4572a1dc94,Mobileye Corporate,Updated forward collision warning image -1.25hrs ,1.25,,2018-07 → 2018-07,1,yes,
158a915c-eaae-4d5a-94dc-9b59552c9669,Mobileye Corporate,VIdeo text - 4h,4,,2018-07 → 2018-07,1,yes,
0f1d0007-d21b-40fb-a6c6-17213c102d68,Mobileye Corporate,Hiring post-5h,5,,2018-07 → 2018-07,1,yes,
dac0270a-dc5c-46c4-ab4c-0f9bc981e98d,Mobileye Corporate,Shield+ image making project - 2h,2,,2018-07 → 2018-07,1,yes,
34181224-47a9-4b81-8cbd-3a6cdebe54aa,Mobileye Corporate,Alert Overview changes 0.5hrs,0.5,,2018-07 → 2018-08,2,yes,
1ec652dd-53dd-4313-8086-7819333a8ed9,Mobileye Corporate,Brochure translation to French - 4.25 h ,4.25,,2018-07 → 2018-10,4,yes,
8fa8da04-4da5-4584-8cdb-9b59642d7985,Mobileye Corporate,Shield+ Bus sticker - 1.25 h ,1.25,,2018-07 → 2018-08,2,yes,
f3706e55-b15f-4ee9-865d-913c5e92c3d8,Mobileye Corporate,Invitation to interview template  - 3 h,3,,2018-07 → 2018-08,2,yes,
3cf34667-c8b5-4858-b7ea-2c2d2c15cadf,Mobileye Corporate,Digital team alert video (Daniealle) - 2.75hrs ,2.75,,2018-08 → 2018-08,1,yes,
02c7683f-9dc4-4a33-a6f6-d60c5f8da5e1,Mobileye Corporate,Sheild+ Truck Movie - 5hr,5,,2018-08 → 2018-11,4,yes,
e1360cc2-5c7c-4bae-a0bb-e4759b19f207,Mobileye Corporate,AV clip - 10.5hrs,10.5,,2018-08 → 2018-10,3,yes,
0a516e03-26db-4151-89f8-def40f6bdd2d,Mobileye Corporate,Camera Video for Digital - 5.25hrs,5.25,,2018-08 → 2018-10,3,yes,
3839aad6-abcf-46e7-bd54-1254c8ff9144,Mobileye Corporate, influence comity ppt Presentation for Amnon - 2,2,,2018-09 → 2018-10,2,no,
3d69d19e-b3a3-4d49-ad0e-dd0813c5dbfe,Mobileye Corporate,Amnon video presentation 14.25 h,14.25,,2019-01 → 2019-01,1,yes,
190860fd-341f-4623-bd49-0b4c2d0f3b1a,Mobileye Corporate,She codes Sticker - 1.5hrs,1.5,,2019-08 → 2019-08,1,yes,
b1ce9213-2c14-4698-8b46-e17280474f00,Mobileye Corporate,Ad for students - 6hrs,6,,2018-10 → 2018-11,2,yes,
00c9aa13-025c-4d7c-b13c-cb5959e480b1,Mobileye Corporate,HR images from Sheild+ movie - 52.5h,52.5,,2018-10 → 2018-12,3,yes,
69f1cb86-077e-4de8-bb63-89a6df04e18b,Mobileye Corporate,Adding logo&details to brochure back page - 4 h,4,,2018-10 → 2018-11,2,yes,
3ab77011-7ef0-465d-8130-bc93829d399c,Mobileye Corporate,Baner Design for students - 1hrs,1,,2018-10 → 2018-11,2,yes,
44ce9d42-085a-4b6d-adcc-b89154ca485d,Mobileye Corporate,8 animated GIFS (20 from client) - 32.5h,32.5,20,2018-11 → 2018-12,2,yes,
95fe58a2-856f-492d-a592-fe1eb41a6f0c,Mobileye Corporate,Homepage header video (40 from client) - 35.25h,35.25,40,2018-11 → 2018-12,2,yes,
1b1f6e15-92b8-4052-91d4-fdda96ba7459,Mobileye Corporate,Shield+ Movie Japanese version (P) - 15h,15,,2018-11 → 2019-01,3,yes,
4af8e885-01fd-4a10-9187-1556a02e64e7,Mobileye Corporate,Shield+ Movie Korean version (P)  4.5h,4.5,,2018-11 → 2019-07,9,yes,
6ecdecbd-8cf5-4db9-9c7d-934ebe96f05e,Mobileye Corporate,Shield+ Movie German version - (24h budget) - 13.5h,13.5,24,2018-11 → 2020-05,19,yes,
9872aff8-d398-4700-b8a9-fded4759ed8a,Mobileye Corporate,ME8 Spanish version - (24h budget) - 2h,2,24,2018-11 → 2019-03,5,yes,budget-vs-actual-far
baede1f1-779a-4246-95a1-136302857e9f,Mobileye Corporate,Shield+ Movie LATAM version (P) -12h,12,,2018-11 → 2019-04,6,yes,
6fe319fe-369e-4c05-84d8-a93abeb931b9,Mobileye Corporate,Shield+ Movie Portuguese version (P) - 6.25h,6.25,,2018-11 → 2019-02,4,yes,
d5ddc9b5-4047-4d6e-b2c2-e983ea7d9ced,Mobileye Corporate,Aftermarket Movie Korean version (P) - 4.5h,4.5,,2018-11 → 2019-04,6,yes,
5ed9d3f6-070d-44bf-9624-99978d69bc1b,Mobileye Corporate,Aftermarket Movie Japanese version (P) - 7h,7,,2018-11 → 2019-01,3,yes,
bd143a1c-0cf5-418f-9fec-e2e0d3cb1026,Mobileye Corporate,ME8 Hebrew version (P) - 15.5h,15.5,,2018-11 → 2018-12,2,yes,
6115ec32-7b64-4e0f-bf71-cafc7ab90357,Mobileye Corporate,Shield+ Movie Spanish version (24h budget) - 5h,5,24,2018-11 → 2019-04,6,yes,budget-vs-actual-far
b5ed84bc-9db3-41dc-9ded-edc0f09b7dda,Mobileye Corporate,Sheild+ Movie French version  (24h budget) - 6.5h,6.5,24,2018-11 → 2019-01,3,yes,budget-vs-actual-far
41e5dbed-2ff8-48be-802e-56ab050f269e,Mobileye Corporate,urgent video clip task (Ayla) (32 from client)- 32.5h,32.5,32,2018-11 → 2018-12,2,yes,
2a571c76-1ccf-4b4b-9e68-5838c57671f0,Mobileye Corporate,Technological Employment Fair Booth - 8 hrs,8,,2018-11 → 2019-01,3,yes,
39981695-db34-4fea-936d-cf3acec03c22,Mobileye Corporate,Graphic AV Solutions - 10h,10,,2018-11 → 2018-12,2,yes,
2a2c12e2-fc22-466a-b151-0759c3f3d5b1,Mobileye Corporate,Aftermarket Movie Portuguese version (P) - 10.5 h,10.5,,2018-11 → 2019-02,4,yes,
9260c9ba-5bf0-4ee6-9c4e-0466aa0e1368,Mobileye Corporate,Aftermarket Movie LATAM version (P) - 5 h,5,,2018-11 → 2019-02,4,yes,
f97f914d-30ef-400c-b8e6-cf09237a4ba7,Mobileye Corporate,Shield+ Movie British Voice Over 2.5h,2.5,,2018-11 → 2019-03,5,yes,
f2a4c443-6250-4c0d-a5cb-96b4b40975b7,Mobileye Corporate,Aftermarket Spanish version - (24h budget) - 14h,14,24,2018-11 → 2019-02,4,yes,
ee29a998-70a0-4cef-a987-daf73428bbd7,Mobileye Corporate,Chart Design - 7.25 hrs,7.25,,2018-12 → 2019-01,2,yes,
b2e884e7-60ee-4768-9cab-02eed80df0e3,Mobileye Corporate,Technological Employment Fair add - 1 hrs,1,,2018-12 → 2018-12,1,yes,
93e536f6-afee-4d76-ae6e-5a3e15099d9d,Mobileye Corporate,Clip for Amnon CES - 9.5h,9.5,,2018-12 → 2018-12,1,yes,
3e687e4e-773a-4e44-bf47-357511067353,Mobileye Corporate,ME8 clip - Korean version - (P) 1.5h,1.5,,2018-12 → 2019-07,8,yes,
31522afe-2eea-4991-8df7-ac1ebbed027b,Mobileye Corporate,ME8 clip - Japanese version (P) - 9h,9,,2018-12 → 2019-10,11,yes,
5d854ab2-f084-47d8-b2a2-f369daed3118,Mobileye Corporate,ME8 clip - Portuguese version (P) - 4.75h,4.75,,2018-12 → 2019-07,8,yes,
70d21641-eeb1-4e9c-b667-e4bbfb083e21,Mobileye Corporate,MAI Slides - 17.5h,17.5,,2018-12 → 2019-01,2,yes,
70226630-cffc-4108-a256-fe1668f2d47b,Mobileye Corporate,Friends like me campaign - 54.5 hrs,54.5,,2018-12 → 2019-10,11,yes,
c53541d4-0fd1-4a03-804a-221c65f78a14,Mobileye Corporate,Parking clip for CES - 125h - FINAL,125,,2018-12 → 2019-11,12,yes,
5687e72c-21b8-446b-ac15-87ac5ae80456,Mobileye Corporate,Infographics for CES - 44hrs,44,,2018-12 → 2019-01,2,yes,
6a1530cc-edee-47b2-b295-0a32202fa7c2,Mobileye Corporate,CES presentation for Amnon - 57 hrs,57,,2018-12 → 2019-02,3,yes,
0298110c-a28e-4df9-9e69-a233adff2632,Mobileye Corporate,OS clip for CES - 45h,45,,2018-12 → 2019-02,3,yes,
b55cf242-8486-4676-8d7a-969979ffd6a0,Mobileye Corporate,ME6 Images  - 192.5h,192.5,,2018-12 → 2019-08,9,yes,
54db124d-1e92-4243-8e8e-14a6729e3abc,Mobileye Corporate,AV clips for CES - 10.25 hrs,10.25,,2018-12 → 2019-01,2,yes,
7f54224a-4fa0-4276-bc2d-9c613b3897fd,Mobileye Corporate,Trifocal - 2.5h,2.5,,2019-01 → 2019-01,1,yes,
5af07a0a-d3c8-4b49-911f-b9f69816554a,Mobileye Corporate,Blurring license plates - 14 hrs,14,,2019-01 → 2019-01,1,yes,
25fe4ac0-1551-4008-a6fb-7b0bee582816,Mobileye Corporate,Sheild+ Sanitation Truck version (P) - 136.75h,136.75,,2019-01 → 2019-06,6,yes,
dbd54ad5-9a9a-4e60-a5b9-e9f1fb0596eb,Mobileye Corporate,Summer internship - 8.5 hrs,8.5,,2019-01 → 2019-01,1,yes,
7a1af959-d58b-478b-bf09-5014a046bbba,Mobileye Corporate,Recruiting zipper design - 6.25h,6.25,,2019-02 → 2019-02,1,yes,
23fff923-c831-4154-82e3-8c4e85b300fd,Mobileye Corporate,Officers funds Booth design - 3.25h,3.25,,2019-02 → 2019-02,1,yes,
a77e109d-3c35-4535-ae6c-5fd515cb924e,Mobileye Corporate,מארז מד מזוודה - 3.75,3.75,,2019-02 → 2019-02,1,no,
1df64462-3a1f-476f-a16d-e6e84958b494,Mobileye Corporate,taasuka2019 Booth design - 10.5h,10.5,,2019-02 → 2019-05,4,yes,
304d6625-8962-4b09-8a7d-0e02fdd77b30,Mobileye Corporate,ME8 Opener - 37.75h,37.75,,2019-02 → 2019-04,3,yes,
986cf655-a39f-45f4-a66a-de16c22ab566,Mobileye Corporate,Shield+Movie French flag removing - 1.5h,1.5,,2019-03 → 2019-03,1,yes,
a574a1e3-6554-4e7e-b649-353634461616,Mobileye Corporate,Image making - 15.5,15.5,,2019-03 → 2019-03,1,no,
91d8da97-83f8-4804-b803-a814b4079266,Mobileye Corporate,Mobileye Alerts clips - 12h,12,,2019-03 → 2019-03,1,yes,
2233fb12-b7d9-422e-bc08-355ad63333c1,Mobileye Corporate,Mobileye presentation -4h,4,,2019-03 → 2019-03,1,yes,
9316fcea-49b7-44f8-9a28-6380f36f1884,Mobileye Corporate,taasuka 2019 Tshirt Design - 2.75h,2.75,,2019-03 → 2019-03,1,yes,
411cb238-9ef4-421e-ba45-35b68a6063f5,Mobileye Corporate,מודעה ליום זרקור - 1.5,1.5,,2019-03 → 2019-03,1,no,
e2ac3330-1e76-4ad7-bf20-f134648c4e64,Mobileye Corporate,Aftermarket Video cuts - 5.25h,5.25,,2019-03 → 2019-04,2,yes,
72647545-e37e-48b1-81d1-1898f26a4451,Mobileye Corporate,RSS vs SFF - 9.75h,9.75,,2019-03 → 2019-03,1,yes,
ce42a246-f912-49f7-b945-a9c0ff90a22d,Mobileye Corporate,Truck blind spot GIF - 2.5h,2.5,,2019-03 → 2019-03,1,yes,
ef950d9c-3c24-4f21-932f-b4d8d9b77174,Mobileye Corporate,REM clip headline removal - 0.5h,0.5,,2019-04 → 2019-05,2,yes,
e7cefb64-348b-49df-9605-05447fb7bfe5,Mobileye Corporate,AV tech clip for editing - 2h,2,,2019-04 → 2019-05,2,yes,
b8a6221b-1d44-4d47-9c99-dcbfd41a7b58,Mobileye Corporate,OS Clip #2 (UK) - 17.75h,17.75,,2019-04 → 2019-05,2,yes,
9a5a4426-0deb-4223-ad41-3141f58238d4,Mobileye Corporate,מודעה לסטודנטים - 1.25,1.25,,2019-04 → 2019-05,2,no,
94c9f714-c778-4f01-96ea-96b35d623276,Mobileye Corporate,AV clip edits (Tzahi - April 14) - 2.5h ,2.5,14,2019-04 → 2019-05,2,yes,budget-vs-actual-far
5fa8e5af-96ab-4621-9cda-c5a86c3ddc5c,Mobileye Corporate,Newsletter design - 8.25,8.25,,2019-04 → 2019-05,2,no,
65f38455-51d1-4319-a7d9-6f045bd6de0e,Mobileye Corporate,REM clip - Chinese subtitles - 1h,1,,2019-04 → 2019-05,2,yes,
c11f3f6a-6f45-4c6e-acf0-34094c100208,Mobileye Corporate,CES video translations - Russian German French Spanish (p) - 23h,23,,2019-04 → 2019-05,2,yes,
aa2afb90-4749-4551-80c1-b4059b025f4a,Mobileye Corporate,"CES video translations - Portuguese, Japanese, Korean - 10.5h",10.5,,2019-04 → 2019-05,2,yes,
0058a793-d034-406e-80d0-052c01f72543,Mobileye Corporate,Blur plates for UK website - 4h,4,,2019-04 → 2019-05,2,yes,
aa24f070-39a2-41ee-9615-2f806094810f,Mobileye Corporate,London GIF - 3h,3,,2019-05 → 2019-05,1,yes,
5da2033c-505c-411d-a5a6-b8039c6a16b6,Mobileye Corporate,Short ME8 clip - 1h,1,,2019-05 → 2019-05,1,yes,
c3bd298c-0623-4ff2-be1f-9ad37c3c99bf,Mobileye Corporate,Shelid+ Movie Chinese version (P) - 8.25h,8.25,,2019-05 → 2019-07,3,yes,
0f5047fe-c3b5-4c34-8634-7528c62202b0,Mobileye Corporate,Aftermarket clip - Chinese version (P) - 7h,7,,2019-05 → 2019-06,2,yes,
183e9c87-4b87-422d-ae73-25aa959a1758,Mobileye Corporate,AV Clip editing for Amnon - 24.75h,24.75,,2019-05 → 2019-06,2,yes,
0f87e8d6-58e0-4ef3-b3b6-daf1def4498f,Mobileye Corporate,Shield+ 4 clip (P) - 17.75h,17.75,,2019-05 → 2019-06,2,yes,
0844939f-25c7-4a6c-8b79-71ec36cb3781,Mobileye Corporate,Managers Training PPT - 32.5h,32.5,,2019-06 → 2019-06,1,yes,
67762191-2a57-476d-a43d-60714d6c96cf,Mobileye Corporate,HR icon - 2h,2,,2019-06 → 2019-06,1,yes,
f3138c22-3e1a-41dd-907d-06d1a7e761f4,Mobileye Corporate,Surround System on a car - 9.5h,9.5,,2019-06 → 2019-06,1,yes,
52fcdcca-bf49-4048-aebd-f4d456c180c1,Mobileye Corporate,HR protocols PPT - 2.75h,2.75,,2019-06 → 2019-06,1,yes,
f9b7016d-1bcc-4d2d-a31e-bf6988d175cc,Mobileye Corporate,Mobileye Israel - Super Sale Landing page - 7h ,7,,2019-06 → 2019-06,1,yes,
2b15646f-5ae9-4001-85a1-13f084fce69e,Mobileye Corporate,Mobileye Israel - Poster - 8.75h,8.75,,2019-06 → 2019-06,1,yes,
71129f76-0140-492d-8337-3312a5e745cd,Mobileye Corporate,Shield+ Movie Chinese extra - 4h ,4,,2019-06 → 2019-06,1,yes,
badbba32-3fba-4ffb-9cdd-90f2c1f648c4,Mobileye Corporate,Shield+4 FMS Bus - Portuguese 5h,5,,2019-07 → 2019-08,2,yes,
d64e2005-ca64-4670-8d6d-799bba12b297,Mobileye Corporate,ME8 Smart City for Barcelona (P)- 42h,42,,2019-07 → 2019-10,4,yes,
15aed289-fe8c-4f42-923c-9b728bf57665,Mobileye Corporate,Geofences UX/UI (40h from client) - 34.5h,34.5,40,2019-07 → 2019-08,2,yes,
3b81ecc4-0277-46d7-bc54-293b69a339dd,Mobileye Corporate,"Polish video translations (ME8, ME8 Smart cities, Time) 18h from client - 6.75h",6.75,8,2019-07 → 2019-08,2,yes,budget-multi
8eab3ab0-4931-4e0b-bc51-5fcf7b402f85,Mobileye Corporate,Israel Marketing - Mobileye Benefit Roulette - 19.75h,19.75,,2019-07 → 2019-10,4,yes,
dff60f4c-ea34-4b45-91c9-7bee07e544c3,Mobileye Corporate,Israel Marketing - Banners for benefit roulette - 8h,8,,2019-08 → 2019-10,3,yes,
aa25fed0-6a57-4900-8a55-15dc7bdcae22,Mobileye Corporate,Customers club banners - 2h,2,,2019-08 → 2019-09,2,yes,
01c8bfaa-fbcd-49df-869f-1a102e9539f5,Mobileye Corporate,She codes Booth design (12-13h from client) - 14.75h - FINAL,14.75,13,2019-08 → 2019-11,4,yes,budget-multi
7bd00d22-2d51-4381-a04e-76d960856b60,Mobileye Corporate,PPT design for MOT - 29 h ,29,,2019-09 → 2019-10,2,yes,
a5daed94-027f-4128-9a2c-2b430e285317,Mobileye Corporate,NY Images from Shield+ (40h from client) - 25.5h,25.5,40,2019-09 → 2019-11,3,yes,
9498a792-19e7-4c2e-9093-873774740151,Mobileye Corporate,2 images HQ for US Booth (3-4h p/image) - 3.5h,3.5,4,2019-09 → 2019-10,2,yes,budget-multi
d5134d94-0ef5-4a54-88e9-d484e4fe12b3,Mobileye Corporate,Smart City Barcelona installation video (40h from client) - 65.5h - FINAL ,65.5,40,2019-09 → 2019-11,3,yes,
bf1716af-2ac8-4188-ae92-719fcb37012a,Mobileye Corporate,Shield+ 4 FMS clip - Korean virsion (P) - 3 hr,3,,2019-09 → 2020-09,13,yes,
5fac03d0-f7fe-47a9-bc00-a498ccd5d6d6,Mobileye Corporate,Shield+ 4 FMS clip - Japanese virsion (P) 4h,4,,2019-09 → 2020-09,13,yes,
a7f84873-7429-46ea-af59-e01a4905c202,Mobileye Corporate,Shield+ FMS Polish translation - 3.5 hrs,3.5,,2019-09 → 2019-10,2,yes,
d439b3f2-ef36-4aa8-9f37-e3af017d9687,Mobileye Corporate,NY HQ Images from Shield+ (15h from client) - 8h,8,15,2019-09 → 2019-10,2,yes,
68a58065-bffc-480a-be15-6c7dd4b33af5,Mobileye Corporate,Israel Marketing - Election day Design - 5.25h,5.25,,2019-09 → 2019-10,2,yes,
265250f3-cbd1-4581-90b4-ff2809cba235,Mobileye Corporate,Israel Marketing - Rosh Hashana add - 4.25h,4.25,,2019-09 → 2019-10,2,yes,
08cb9df3-e52f-46bd-8b4a-dbf6d8755095,Mobileye Corporate,Ambutrans video subtitles (POR+SP LATAM) - 4h,4,,2019-09 → 2019-11,3,yes,
dd0212e3-2b53-4d88-9676-f452eb6cfa2b,Mobileye Corporate,Short CES video subtitle changes - 9h,9,,2019-09 → 2019-10,2,yes,
65dd6b40-51a8-41c5-a822-0d81c9477ec5,Mobileye Corporate,Amnon's materials for VW meeting - 12h ,12,,2019-10 → 2019-10,1,yes,
437a018e-31a9-41f0-ad1f-a5bf6fee36e6,Mobileye Corporate,Smart City clip edit for Chinese Ceremony (16h from client) - 23.75h,23.75,16,2019-10 → 2020-02,5,yes,
b31a56e8-476a-48b5-8704-c5912113c45c,Mobileye Corporate,Drives Event Design (40h from client)- 46h - FINAL ,46,40,2019-10 → 2019-11,2,yes,
7f910bb6-3a92-4ab5-9a08-c1b92a0d4529,Mobileye Corporate,How it works clip edits - 8.25h - FINAL,8.25,,2019-10 → 2019-11,2,yes,
6215b25d-d078-4504-9b17-6ba11ba4d73f,Mobileye Corporate,ME8 connect brochure  (16h from client) - 30.5h,30.5,16,2019-10 → 2019-11,2,yes,
6e6a6221-7daf-4b91-9cbd-18c1eaf7925e,Mobileye Corporate,Ambutrans video subtitles (SP+GER) - 2.25h,2.25,,2019-10 → 2019-10,1,yes,
3ae4f2d9-862d-4b80-b970-ba4f7fb5e40d,Mobileye Corporate,Laptop case Design - 2.75h - FINAL,2.75,,2019-10 → 2019-11,2,yes,
4e49b9ab-d12f-40eb-99d9-9f5cc2c02f53,Mobileye Corporate,7 Stickers Design (6-12h from client) - 10h - FINAL,10,12,2019-10 → 2019-11,2,yes,budget-multi
0bc67aca-fe47-479a-bd1c-4ab40c2e38fc,Mobileye Corporate,JS Bus English subtitles - 8 hrs - FINAL ,8,,2019-10 → 2019-11,2,yes,
13c08c3c-abe7-45d0-8f91-2baea9023a0b,Mobileye Corporate,3 Illustrated Stickers Design (15-24h from client)- 9.5h - FINAL,9.5,24,2019-10 → 2019-11,2,yes,budget-multi
09b395dc-4b76-4e85-a746-abb2c26dc5de,Mobileye Corporate,Social media add for the US team - 4.75h - FINAL,4.75,,2019-10 → 2019-11,2,yes,
4c4eb9b5-769b-4ae5-8289-5119b615d33e,Mobileye Corporate,Print ad of the Mobileye 8 Connect - 10h - FINAL,10,,2019-10 → 2019-11,2,yes,
cf0aa746-0372-4293-b093-b2588ef9be56,Mobileye Corporate,Timeline 20 years of Mobileye ( 16 hrs ) 22 hrs - FINAL ,22,16,2019-10 → 2019-11,2,yes,
ffcd9595-e7d6-4c6c-aebd-8a326d5cf713,Mobileye Corporate,T-Shirts Design (6-8) - 12.25 hrs - FINAL,12.25,8,2019-10 → 2019-11,2,yes,budget-range
5dcd906c-0e5e-47e1-9758-ee847f3fdd21,Mobileye Corporate,REM Presentation (Tal) - 21h,21,,2019-10 → 2019-11,2,yes,
5d179a00-8e95-4d47-a8b6-165878cd118a,Mobileye Corporate,IR Presentation (Eraz) - 29.25h - FINAL,29.25,,2019-10 → 2019-11,2,yes,
d0cf1c99-ee2e-4df4-aedb-2aea6836fb53,Mobileye Corporate,Gabi's IR Presentation - 7.5h - FINAL ,7.5,,2019-10 → 2019-11,2,yes,
72476122-9412-4aa5-80a7-5da8c685b343,Mobileye Corporate,Amnon's IR presentation -23.25h - FINAL,23.25,,2019-10 → 2019-11,2,yes,
9c3bce75-9e6a-4678-8dd5-11e6579bd8de,Mobileye Corporate,B-roll lectures edits (Tali) (40h from client) - 30 Hrs - FINAL,30,40,2019-11 → 2019-11,1,yes,
fc05a041-09e2-45f8-94f9-5526c1137cb4,Mobileye Corporate,Images Making (8-19 per Image) - 34.5h,34.5,19,2019-11 → 2020-02,4,yes,budget-multi
6482d021-b1a6-49aa-b909-29ee5daf8b63,Mobileye Corporate,Intro slide design - 4.75h - FINAL,4.75,,2019-11 → 2019-11,1,yes,
5865a126-b1e5-46e6-93de-2e961d11b7ae,Mobileye Corporate,Rollup + screen Design - 10.25 - FINAL,10.25,,2019-11 → 2019-11,1,no,
0fc8e6e0-738a-4fd1-ae3e-58564786e64b,Mobileye Corporate,Ambutrans video subtitles (JAP + KOR) - 1.5h,1.5,,2019-11 → 2019-11,1,yes,
ec824b03-00fb-4478-b424-7ce4653f0160,Mobileye Corporate,Landing page - 31 hrs - FINAL,31,,2019-11 → 2019-11,1,yes,
7feb662e-3ea5-4749-881b-9d6fe9796b8b,Mobileye Corporate,RSS page Design (65.5h from client) - 62h ,62,65.5,2019-11 → 2020-05,7,yes,
ffec28a6-e1ce-4b61-a97c-e0e691a83016,Mobileye Corporate,Super Sale Winter Design - 7.75hrs,7.75,,2019-11 → 2019-11,1,yes,
a281b657-9baa-4beb-b2ec-4e067078f172,Mobileye Corporate,Super Sale Winter - 5.5 hrs,5.5,,2019-11 → 2019-11,1,yes,
0622d055-070a-40e0-b5c2-74ec9ef052e5,Mobileye Corporate,Updated ME8 clip - Shoshana (P) - 206.75h ,206.75,,2019-11 → 2020-02,4,yes,
c8f63988-5dc5-4dbb-a001-c88a76630d5e,Mobileye Corporate,Black Friday ad  -  3h,3,,2019-11 → 2019-11,1,yes,
5bfbf220-1c14-4ec2-bcb8-9b4a1ec4842d,Mobileye Corporate,Black Friday Animated Banner - 5hrs,5,,2019-11 → 2019-12,2,yes,
c2cb4d5c-e31b-4b88-9fd3-b169972edf7b,Mobileye Corporate,Black Friday landing page - 6.5h,6.5,,2019-11 → 2019-11,1,yes,
9ba93813-4f0b-4c1a-bfd8-35c12a544cbb,Mobileye Corporate,3D files of ME8 - 4.5h,4.5,,2019-11 → 2019-11,1,yes,
77e628d8-9501-4145-83db-f7e9bfec1740,Mobileye Corporate,Black Friday Static Banners - 6h,6,,2019-11 → 2019-11,1,yes,
f017a027-d23c-430f-afc3-11ac205d3352,Mobileye Corporate,Barcelona footage - blurring plates - 1.5h,1.5,,2019-11 → 2019-11,1,yes,
393cec69-037d-4a16-b94c-d7d8e90ceb0f,Mobileye Corporate,Yarid Giyus Booth Design (10-12 from client) - 14,14,12,2019-12 → 2020-02,3,no,budget-multi
b98d917c-edc7-4370-8686-ff93b24a5bb7,Mobileye Corporate,German subtitles / FMS video 1.5h,1.5,,2019-12 → 2019-12,1,yes,
ede89662-96b4-4d83-af3c-9a6ebc2709e6,Mobileye Corporate,Jerusalem ad - 5.25h,5.25,,2019-12 → 2020-02,3,yes,
6b2935cb-bae1-4752-9638-f2a28aab235a,Mobileye Corporate,Tip Tipa campaign - 3.25h,3.25,,2019-12 → 2020-02,3,yes,
90ba1539-ec2e-4048-bda6-f08c855f214d,Mobileye Corporate,Hanuka ad - 2h,2,,2019-12 → 2020-02,3,yes,
103d7448-0b4f-4ff7-a4fe-cad5f0ee1184,Mobileye Corporate,CES Video Edits - 130.5h,130.5,,2019-12 → 2020-02,3,yes,
f53f3754-ddff-4212-835c-0373c5b36d1f,Mobileye Corporate,Van Image - 1h,1,,2019-12 → 2020-02,3,yes,
9b3f149d-add5-4f68-867c-814fa2f847e7,Mobileye Corporate,MOVE Exhibition video - 4.5h,4.5,,2019-12 → 2020-02,3,yes,
5c44a470-68ce-4775-a3ea-a5d4cf1e584c,Mobileye Corporate,CES Screen saver - 17.5h,17.5,,2020-01 → 2020-02,2,yes,
4c892618-76b3-41d3-9785-e13710c7ffe6,Mobileye Corporate,Pedestrian edit 2.75h,2.75,,2020-01 → 2020-02,2,yes,
2decf92b-ec90-4a7b-a4b9-e18bd0261347,Mobileye Corporate,Mobileye Deal campaign (20)  - 21.5h,21.5,20,2020-01 → 2020-02,2,yes,
d2f2c7ec-4f41-4113-9435-51b5cb924248,Mobileye Corporate,Shield+4 Truck FMS Norwegian - 4h,4,,2020-01 → 2020-02,2,yes,
f54c6cec-28e1-4f26-84e2-f238512b06f6,Mobileye Corporate, Shield+4 Bus FMS Spanish - 4h,4,,2020-01 → 2020-02,2,yes,
5d8d3405-5e88-46a7-9129-64ed53f904fe,Mobileye Corporate,Urgent videos for CES 2020 - 10.5h,10.5,,2020-01 → 2020-02,2,yes,
d705b948-d56a-4102-a5a1-04be65edc5a3,Mobileye Corporate,Print ads copy adaptations - 5.25hr,5.25,,2020-01 → 2020-02,2,yes,
9d4c4944-1597-4731-a7de-4035b11a0b22,Mobileye Corporate,New ME8 roll ups for 2020 - 37h,37,,2020-01 → 2020-02,2,yes,
f102ce9a-34e4-435b-b0d1-5959c66203d5,Mobileye Corporate,Mobileye Employees at CES 2020 - 2.75h,2.75,,2020-01 → 2020-02,2,yes,
eba69f1b-d417-4686-b0f5-0058286ace95,Mobileye Corporate,January CES Newsletter - 4.25h,4.25,,2020-01 → 2020-02,2,yes,
bb6b6bde-cba4-48ca-8c67-564184de4e6d,Mobileye Corporate,Shield+ Bus image - 4h,4,,2020-01 → 2020-02,2,yes,
8fc412d1-d8b5-4713-9f55-e3ffb8df2f52,Mobileye Corporate,Mobileye Deal Animative banner - 6h,6,,2020-01 → 2020-02,2,yes,
d316f19e-07da-4110-bcb8-7785a7f7cca5,Mobileye Corporate, Not for sale add (2-4) - 4h ,4,4,2020-01 → 2020-02,2,yes,budget-range
67739c91-f731-40e9-8dab-92b5f3b58818,Mobileye Corporate,Who are you playing on add-1h,1,,2020-01 → 2020-02,2,yes,
7c2f66df-7850-4d52-90fe-9d80b211dc2c,Mobileye Corporate,Mobile RSS - 3.5 h ,3.5,,2020-01 → 2020-01,1,yes,
27a8dd31-dec3-44d6-99c3-2cb1e0246d19,Mobileye Corporate,Data PPT Design - 29.5h,29.5,,2020-01 → 2020-02,2,yes,
7d7e26c0-4e76-44e8-8ee3-7e478022aa62,Mobileye Corporate,ME8 2020 PPT Design - 40h ,40,,2020-01 → 2020-02,2,yes,
edafea06-c372-4f7a-bbdd-b94a3245da39,Mobileye Corporate,assets redesign - 1.5 h,1.5,,2020-02 → 2020-02,1,yes,
2c27e015-bb21-4e29-8527-b49475a013e6,Mobileye Corporate,ME6 Pickup truck image - 19h,19,,2020-02 → 2020-02,1,yes,
c45cf99c-7138-4401-8bf4-f0b39e8b1ce1,Mobileye Corporate,New Data Video - 51.75h,51.75,,2020-02 → 2020-03,2,yes,
dff8bdfd-4e4a-48e5-ab2b-27dca3f9dde3,Mobileye Corporate,Purim Deal - 13.25h,13.25,,2020-02 → 2020-02,1,yes,
a91dd3ab-c9ae-41c8-aa43-794b3975851a,Mobileye Corporate,We are Mobileye (Brochure+Sticker) - 4,4,,2020-02 → 2020-02,1,no,
a482db73-180f-4d85-a537-07fb1da86336,Mobileye Corporate,Shield+Fisheye 3D render - 17h ,17,,2020-02 → 2020-02,1,yes,
327ee0c1-f88a-4974-ba64-b71f41730134,Mobileye Corporate,4 Graphics for Testing Document for AEB team - 5.75h,5.75,,2020-02 → 2020-03,2,yes,
c515c1df-7053-4757-8426-89fcedcc91e5,Mobileye Corporate,New ME8 Video - German/Spanish/French Subtitles (12)- 8h,8,12,2020-03 → 2020-04,2,yes,
c9ec27e1-ecdf-4ff2-8810-ac7c1ac775f6,Mobileye Corporate,Mobileye Deal text changes - 3.75 h,3.75,,2020-03 → 2020-03,1,yes,
ffdf7a9c-78b0-4f40-a9e9-e45d06e99d85,Baseline,App Additions JULY (16-20) - 22h,22,20,2020-07 → 2020-08,2,yes,budget-range
aa31d6fe-f26e-4b92-8f1d-4b9bd9775926,Baseline,App Additions AUGUST - 5.5h,5.5,,2020-08 → 2020-08,1,yes,
f9520de6-7a14-4d87-ac5e-ce3b555b657a,Baseline,New Summerize Video Feature (8) - 8.75h,8.75,8,2020-12 → 2020-12,1,yes,
365af5ca-cba6-4299-9621-ce4cb84656b5,Baseline,Match Mode App Additions (46) - 45 h,45,46,2021-05 → 2021-06,2,yes,
67df230d-8ba4-4c15-a649-769efa887ba7,Mobileye Corporate,2 Olympics clips - 10h,10,,2020-03 → 2020-03,1,yes,
47068d60-35db-400e-8c50-e16f94ea97cb,Mobileye Corporate,מבצע דיל לדיוור- 5,5,,2020-03 → 2020-04,2,no,
539ce297-ec40-46e0-b33e-19f49ddd249f,Mobileye Corporate,School bus Image - 19h,19,,2020-03 → 2020-04,2,yes,
7647dfe5-58f8-4865-a56d-203b1cf72588,Mobileye Corporate,30 Nis Campaign - 19h,19,,2020-04 → 2020-06,3,yes,
39173285-f305-4b19-9d5f-dcfd2795d365,Mobileye Corporate, Shield+ Turn Assistant Clip - German - (20) 20h,20,20,2020-05 → 2020-07,3,yes,
585e34df-5948-4f58-9459-cda6e25fe60e,Mobileye Corporate,AV clip May 2020 - 56.5h,56.5,,2020-05 → 2020-05,1,yes,
be071c4b-19ff-4847-b4f6-f71428f4fde6,Mobileye Corporate,מצלמות דרך- 17.5h,17.5,,2020-06 → 2020-07,2,yes,
7f04f34b-a453-4863-84ed-5eaa4bf1c7d6,Mobileye Corporate,Safe Summer - 1h,1,,2020-07 → 2020-07,1,yes,
41ad2d8a-187c-477d-bec2-daf3038abf26,Mobileye Corporate,Mobileye deal logo - 0.25h,0.25,,2020-07 → 2020-07,1,yes,
e77c7fb5-83cb-4503-b289-6fb954aebaa9,Mobileye Corporate,Employee information presentation (12-16) - 13.5h,13.5,16,2020-08 → 2020-08,1,yes,budget-range
7f386704-8754-4df4-9b7c-026676630191,Mobileye Corporate,"Data Video - French, German, Spanish & Italian subtitles (8)- 14h + 2.25h",2.25,8,2020-08 → 2020-09,2,yes,budget-vs-actual-far
40c985c2-5320-432f-b1f2-0f586aca2dbf,Mobileye Corporate,Israel Mapping video - 16.75h,16.75,,2020-08 → 2020-08,1,yes,
56e4b419-8deb-49f6-8e7f-5266e463726e,Mobileye Corporate,AV short clips - 9h,9,,2020-08 → 2020-08,1,yes,
cc4773c8-514b-49fc-9157-b7da4351cba0,Mobileye Corporate,Road Risk Score Icon - Data video - 1.25H,1.25,,2020-08 → 2020-08,1,yes,
a232e51c-b672-44b0-a2a5-182cbed3ec88,Mobileye Corporate,RSS 5 Rules clip - 136.25h,136.25,,2020-08 → 2021-01,6,yes,
25ddde2b-e90f-45e8-9543-590b40e230b2,Mobileye Corporate,MAN Footage project 1+2 (16h) - 5.5h,5.5,16,2020-09 → 2021-03,7,yes,
fd0b22b1-9ec7-4c45-9790-5b24ce8f91d0,Mobileye Corporate,Private car - Sensor suite - 10.5h,10.5,,2020-09 → 2020-09,1,yes,
6abca794-faa9-46ce-8fac-7f878374d5c0,Mobileye Corporate,ESRI italy video - 9h,9,,2020-10 → 2020-11,2,yes,
a9a745d5-0b4f-492d-98ce-4e560bb285db,Mobileye Corporate,Tali - Lane marks scoring clip Hebrew - 67h,67,,2020-10 → 2020-10,1,yes,
35cba1b3-e9fc-43f0-b7a0-04f82efb54be,Mobileye Corporate,Data video - Polish Subtitles - 2.5h,2.5,,2020-10 → 2020-11,2,yes,
28ead7ad-36ff-45f8-9941-497d77fea716,Mobileye Corporate,RSS 5 Rule 3 - 96h,96,,2020-10 → 2021-06,9,yes,
68a347f2-62db-41fa-afec-37a7fdf7e3ba,Mobileye Corporate,Tali - Av clip + Data clip sub & headlines removal - 2h,2,,2020-11 → 2020-12,2,yes,
85a82354-1dc6-43e0-b868-51ca08ab19fe,Mobileye Corporate,RSS 5 Rule 4 - 22.5h,22.5,,2020-11 → 2021-06,8,yes,
d23a68b2-4dce-4c3e-a20f-3ee1b282ec6b,Mobileye Corporate,RSS 5 Rule 5 - 17.5h,17.5,,2020-11 → 2021-06,8,yes,
43852b72-7878-4837-9f4a-7f7b7d71644e,Mobileye Corporate,Tzahi - Munich Short + Long AV clip - 47.75h,47.75,,2020-11 → 2020-12,2,yes,
38bbc8d8-8ff0-4fc5-8cc4-8c0bd922ecc7,Mobileye Corporate,RSS 5 Rules all together -97.75h,97.75,,2020-11 → 2021-06,8,yes,
78e2f699-9cb8-43b5-a9e1-474ea497858d,Mobileye Corporate,Logo animation opt1 - 37.75h,37.75,,2020-11 → 2021-06,8,yes,
bc2ecaf5-446a-46bf-ad40-bfeb7f1d0601,Mobileye Corporate,New logo reveal video - 70h,70,,2020-11 → 2021-06,8,yes,
67a04387-fad0-4f5c-baa8-5ddcd3556296,Mobileye Corporate,Tzahi AV clip 4 jan 2021 - 1.5hr,1.5,,2021-01 → 2021-06,6,yes,
e3d8b377-c184-4efe-80b3-89838e3909ee,Mobileye Corporate,Radar/lidar clip - 2h,2,,2020-12 → 2020-12,1,yes,
40b09eea-3f9c-4920-8bbb-3b11adfde267,Mobileye Corporate,Tzahi AV clip 31 Dec 2020 - 5h,5,,2021-01 → 2021-06,6,yes,
abf026dd-1960-4003-979d-65dded2e0519,Mobileye Corporate,Intro & Outro replacement - 5h,5,,2021-01 → 2021-06,6,yes,
4f1d7625-a1c7-4e82-9d1e-9c04b617d4d1,Mobileye Corporate,Logo animation opt2 - 8h,8,,2020-12 → 2021-06,7,yes,
987934e4-49c2-4aa5-b4e8-abb60e1c08e7,Mobileye Corporate,RSS 5 Rule 3 part 2 New - 17h,17,,2020-12 → 2021-06,7,yes,
b912eeb8-fdc8-4697-befc-01c43a9ca9ff,Mobileye Corporate,RSS 5 Rule 4 New - 14.75h,14.75,,2020-12 → 2021-06,7,yes,
d3234ab2-1d84-4c2d-bc0c-47050861cb43,Mobileye Corporate,R/L AV clip - 4.5h,4.5,,2021-01 → 2021-06,6,yes,
e4af52eb-0f63-4c5b-98e7-133446b18a80,Mobileye Corporate,Presentation template (8) - 6.75h,6.75,8,2021-02 → 2021-03,2,yes,
dcd3039c-dacf-4163-b2eb-123184e26068,Mobileye Corporate,FB Post - pessah - Matan - 2h,2,,2021-03 → 2021-04,2,yes,
cb4ceeca-ec06-4ace-97a1-40e97fad1ce3,Mobileye Corporate,Tzahi AV clip 6 Apr 2021 - 5hr,5,,2021-04 → 2021-06,3,yes,
a4c0eda2-5e18-42f5-a7c0-823bbab336f5,Mobileye Corporate,Matan - export videos without graphic layer - 3.5,3.5,,2021-04 → 2021-06,3,no,
beb4bc5d-e4fa-46a1-9e4b-cfd7c039345e,Mobileye Corporate,PPT OEM - 70h,70,,2021-04 → 2021-08,5,yes,
865802c7-70e0-4d3b-960d-6f5ae12f5368,Mobileye Corporate,Shield + bus - Image from video - 2.5h,2.5,,2021-05 → 2021-06,2,yes,
6f698fa8-146c-44ae-b5ff-0218bb7c84b9,Mobileye Corporate,"EyeQ image making -6.5h
",6.5,,2021-05 → 2021-06,2,yes,
24a91345-ecaf-484a-b1e8-62db56cc50b6,Mobileye Corporate,Tzachi av clip 11/5- 5.25hr,5.25,,2021-05 → 2021-06,2,yes,
fc24db13-6f49-46dd-a45f-f9bfd7b0400c,Mobileye Corporate,Update Shield video (13h-3d & 2h-ae)-14.75h,14.75,2,2021-05 → 2021-08,4,yes,budget-multi budget-vs-actual-far
092da56c-45e0-4de3-9b67-387835b0a10c,Mobileye Corporate,Chinese Translation FMS - 6.5 h,6.5,,2021-05 → 2021-08,4,yes,
20c48384-1060-4c3a-9137-f57e6aca11b2,Mobileye Corporate,Tzahi AV clip 30 May 2021 - 7.75h,7.75,,2021-05 → 2021-08,4,yes,
8940a06d-9158-4ee8-af8f-68a1d6107c98,Mobileye Corporate,"Shield+ Connect PPT (1-3h per slide, ~70h total) - 66.5h",66.5,70,2021-06 → 2021-08,3,yes,budget-multi
2288769f-fed5-4263-bd7e-f82d3b9b32c4,Mobileye Corporate,Map video without titles (0.5h) - 0.5,0.5,0.5,2021-07 → 2021-10,4,yes,
5133c432-fc8b-4be7-9cce-433f968082f6,Mobileye Corporate,AV clip 20.7.21 (~40-50h) - 53.25h,53.25,50,2021-07 → 2021-10,4,yes,budget-multi
7af52820-16f5-4bc1-ab93-1370c13659e6,Mobileye Corporate,RSS new rule #5 - 69.5h,69.5,,2021-08 → 2022-04,9,yes,
a19d8342-1c73-4b2c-9d4b-93f961a3c1df,Mobileye Corporate,Deck Charts conversion - 4h,4,,2021-09 → 2022-04,8,yes,
8b640a67-1aaf-4400-b96c-7652e7177303,Mobileye Corporate,New Intro - 27.25h,27.25,,2021-10 → 2022-04,7,yes,
545c3663-f861-4cd3-a571-dc04b1ea162d,Mobileye Corporate,New outro - 28.5h,28.5,,2021-10 → 2022-04,7,yes,
23ad15a1-9c7a-4363-b2f3-00b5cdb81521,Mobileye Corporate,HR Stickers for students (3-4h) - 4,4,4,2021-10 → 2022-04,7,yes,budget-range
b42f0221-dac5-4294-8082-5a453054280a,Mobileye Corporate,Narration RSS (17h+8.5h) - 27.5h,27.5,25.5,2021-11 → 2022-04,6,yes,budget-sum
3eab6bd4-8280-4d1c-bc92-3e6fbd04c461,Mobileye Corporate,Rss rule 4 (16h-30h) - 31.75h,31.75,30,2021-12 → 2022-04,5,yes,budget-multi
70483a1d-79c3-4255-a9e9-c727dd592016,Mobileye Corporate,Blurring Plates - 8h,8,,2022-01 → 2022-04,4,yes,
cba3f236-ab06-4ce0-b4a5-279ae26f6a98,Mobileye Corporate,Stitching rules together - 11h,11,,2022-01 → 2022-04,4,yes,
66941d76-3eba-46ec-bd02-d3913da48f51,Mobileye Corporate,Purchase of video - 2.5h,2.5,,2022-01 → 2022-04,4,yes,
bb434751-51f7-4bf1-a6ec-9512fa992c88,Mobileye Corporate,RSS sound editing - 6h  ,6,,2022-01 → 2022-04,4,yes,
7777abeb-65c6-4ae6-af1f-95596e1f4a60,Mobileye Corporate,Mobileye HR - Strategy Intel - (8h) -  7.75h,7.75,8,2022-01 → 2022-04,4,yes,
c4ef826d-0757-42a1-b06c-dccd72714cc3,Mobileye Corporate,RSS gif export - 1hr,1,,2022-01 → 2022-04,4,yes,
97a911c4-53df-416b-bcee-6ea402d27cc4,Mobileye Corporate,Mobileye RSS HD(4-8h) - 8h,8,8,2022-03 → 2022-04,2,yes,budget-range
bc66a648-dd5d-4314-831f-5b218cf94bac,Mobileye Corporate,Mobileye's fisheye Video meeting and kickoff  - 2.5,2.5,,2022-07 → 2023-08,14,no,
0ebda936-b0fb-4002-ab9d-a6e14f13b74a,Mobileye Corporate,Mini site assets - 3h,3,,2022-08 → 2023-08,13,yes,
34427850-c5de-40d4-b7c2-0d0e6f647668,Mobileye Corporate,Brief for 3d -7.5h,7.5,,2022-08 → 2023-08,13,yes,
d38d2f47-2a19-48ef-a5c0-f07f012750df,Mobileye Corporate,Design -7h,7,,2022-08 → 2023-08,13,yes,
95c4f8c3-48a0-4d99-b385-759941d3ba7e,Mobileye Corporate,Editing - 25h,25,,2022-08 → 2023-08,13,yes,
4b3eb594-249d-4611-9678-848083a91981,Mobileye Corporate,Animation - 13.5h,13.5,,2022-08 → 2023-08,13,yes,
f4104cfe-19d0-44fa-aae3-8b67779384a2,Mobileye Corporate,Minisite short video - 14.5h,14.5,,2022-09 → 2023-08,12,yes,
dba8b686-59ba-4e2a-aec0-2e99fd44a5fb,Mobileye Corporate,animating new shot - 27.5h,27.5,,2022-09 → 2023-08,12,yes,
b1933625-29fa-45d3-a1ac-d8e67edf17da,Mobileye Corporate,Urgent Fixes for video - 9h,9,,2022-12 → 2023-08,9,yes,
75ce8836-205c-469a-9e6a-f7cb30ef9854,Autofleet,thank you message on form (0.5h) - 0.5h,0.5,0.5,2023-07 → 2023-11,5,yes,
b9ec17ec-457d-4cf2-8190-db550ce6cad7,Autofleet,Fixing bugs caused by autofleet (0.5h) - 0.5h,0.5,0.5,2023-08 → 2023-11,4,yes,
7ed45e1b-fe6a-4372-af5c-eebfb32f05f9,Barbahar,עיצוב שובר מתנה - 4.5 ,4.5,,2017-01 → 2017-02,2,no,
1c938d9a-05f4-48a2-b08d-160bdd052c58,Barbahar,תפריט קבוצות - 5,5,,2017-02 → 2017-02,1,no,
350e46b9-c8f5-41c3-befe-eab4657e19a0,Barbahar,Take away menu update - 1.25h ,1.25,,2019-05 → 2019-07,3,yes,
0b0a1536-89b1-429f-90fc-6da5c750448d,Nominal,Changes phase 1 (18h) - 18h,18,18,2024-03 → 2024-05,3,yes,
d8a35d23-e728-4bd2-9b15-a8b6f241f9fe,Nextage,6/2 small changes (10h+4h) - 12.25h,12.25,14,2022-06 → 2023-08,15,yes,budget-sum
d9de0598-c270-4b4b-a484-50576ea5f7c2,Fiverr,Design update (8-10) - 8h,8,10,2021-08 → 2022-04,9,yes,budget-range
2a98a6f6-4c7b-471a-a8c3-c7f53c18a328,Fiverr,Desktop design (48h) - 35.75h,35.75,48,2022-04 → 2024-05,26,yes,
71e0166f-7541-4f4f-8ca2-11cc7ad42ae0,Arison,Mobile adjustments (32>35h) - 32h,32,35,2021-02 → 2022-04,15,yes,budget-multi
97d79fea-906b-45d2-9caf-e72664604dd6,Nextage,Logo touchups (5h) - 5.5h,5.5,5,2021-08 → 2022-04,9,yes,
59303a04-83a7-4a43-a00a-1c6778a09e0f,Nextage,Additional hours (11.5h) - 11.75h,11.75,11.5,2022-04 → 2023-02,11,yes,
35f03931-50ff-4b71-8964-809ec0da44cb,OFFF tlv,Slides - 5.5h,5.5,,2019-09 → 2021-07,23,yes,
3aa41517-6276-492a-b3d4-ade75eb70492,OFFF tlv,Cocktail party invitation - 4.75h,4.75,,2019-09 → 2021-07,23,yes,
286db7f6-7fcd-4073-9ba7-ef51a864d3fe,Ception,office design - 3h,3,,2021-08 → 2021-09,2,yes,
6da08229-e923-4ffd-8760-2c33cb4bade9,Ception,3D Animations for Presentation (32+1) - 33.75h,33.75,33,2020-12 → 2020-12,1,yes,budget-sum
6fb68a7b-3de5-4d0b-bdf6-1ac1afcacb11,Ception,Passover digital card (6h) - 4h,4,6,2022-04 → 2022-11,8,yes,
546b7915-e784-4465-8a09-b1ff2dc18f68,Studio,join us animation-10.5 h,10.5,,2018-05 → 2022-11,55,yes,
f2b28ac7-9d9d-460f-b063-bca90c53a458,Baseline,ux\ui update (16-20) - 11.75,11.75,20,2021-05 → 2021-06,2,no,budget-range
4c7871f4-e9ab-4c7a-af4c-0acbf9bacdfa,Autofleet,Hiring Post - 5hr,5,,2018-06 → 2018-06,1,yes,
bc744b27-7c7f-496f-a9b1-62e2cfcd29e8,Autofleet,Autofleet Main dashboard - 12h,12,,2018-09 → 2018-09,1,yes,
94de296d-c258-4328-a0df-4129fc432ef0,Baseline,App Additions - 19h,19,,2019-06 → 2020-08,15,yes,
